companyId,action,url
621b992f5f87e75f5365a219,UPDATE,https://www.assurant.com
621b99305f87e75f5365a271,UPDATE,https://www.aspentech.com
621b99305f87e75f5365a291,UPDATE,
621b99305f87e75f5365a295,UPDATE,https://www.sparklight.com
621b99315f87e75f5365a2ed,UPDATE,https://www.ciena.com
621b99345f87e75f5365a4e5,UPDATE,https://www.gap.com
621b99355f87e75f5365a51d,UPDATE,https://hollyfrontier.com
621b99355f87e75f5365a579,UPDATE,https://www.intercontinentalexchange.com
621b99355f87e75f5365a589,UPDATE,https://ihsmarkit.com
621b99365f87e75f5365a5b1,UPDATE,https://www.kcsouthern.com
621b99365f87e75f5365a5c9,UPDATE,https://www.lumentum.com
621b99365f87e75f5365a5e9,UPDATE,https://www.lumen.com
621b99365f87e75f5365a609,UPDATE,https://www.mastercard.us
621b99365f87e75f5365a611,UPDATE,https://shop.lululemon.com
621b99375f87e75f5365a65d,UPDATE,https://www.altria.com
621b99375f87e75f5365a665,UPDATE,https://www.marriott.com
621b99375f87e75f5365a685,UPDATE,https://www.nortonlifelock.com
621b99375f87e75f5365a691,UPDATE,https://www.nike.com
621b99375f87e75f5365a699,UPDATE,https://www.nscorp.com
621b99385f87e75f5365a70d,UPDATE,https://www.ollies.us
621b99385f87e75f5365a719,UPDATE,https://www.oxy.com
621b99385f87e75f5365a739,UPDATE,https://www.prosperitybankusa.com
621b99385f87e75f5365a741,UPDATE,https://www.pgecorp.com
621b99395f87e75f5365a775,UPDATE,https://us.pg.com
621b99395f87e75f5365a781,UPDATE,https://www.prudential.com
621b99395f87e75f5365a7ad,UPDATE,https://www.regions.com
621b99395f87e75f5365a7b9,UPDATE,https://www.paypal.com
621b993a5f87e75f5365a831,UPDATE,https://www.svb.com
621b993a5f87e75f5365a85d,UPDATE,https://www.spglobal.com
621b993a5f87e75f5365a871,UPDATE,https://squareup.com
621b993b5f87e75f5365a895,UPDATE,https://www.target.com
621b993b5f87e75f5365a899,UPDATE,https://www.tiffany.com
621b993b5f87e75f5365a8a5,UPDATE,https://www.hanover.com
621b993b5f87e75f5365a8ad,UPDATE,https://www.sysco.com
621b993b5f87e75f5365a8b1,UPDATE,https://www.synchrony.com
621b993b5f87e75f5365a8b5,UPDATE,https://www.att.com
621b993b5f87e75f5365a8bd,UPDATE,https://www.troweprice.com
621b993b5f87e75f5365a8c1,UPDATE,https://www.thirdfederal.com
621b993b5f87e75f5365a8c5,UPDATE,https://www.tdsinc.com
621b993b5f87e75f5365a8c9,UPDATE,https://www.tempursealy.com
621b993b5f87e75f5365a8d1,UPDATE,https://www.transunion.com
621b993b5f87e75f5365a8d5,UPDATE,https://www.molsoncoors.com
621b993b5f87e75f5365a8e1,UPDATE,https://www.targaresources.com
621b993b5f87e75f5365a8ed,UPDATE,https://www.stanleyblackanddecker.com
621b993b5f87e75f5365a8f1,UPDATE,https://www.tesla.com
621b993b5f87e75f5365a8f9,UPDATE,https://www.tractorsupply.com
621b993b5f87e75f5365a8fd,UPDATE,https://www.twoharborsinvestment.com
621b993b5f87e75f5365a901,UPDATE,https://www.twilio.com
621b993b5f87e75f5365a905,UPDATE,https://www.tylertech.com
621b993b5f87e75f5365a909,UPDATE,https://www.united.com
621b993b5f87e75f5365a911,UPDATE,https://www.amerco.com
621b993b5f87e75f5365a915,UPDATE,https://www.ugicorp.com
621b993b5f87e75f5365a919,UPDATE,https://www.ulta.com
621b993c5f87e75f5365a921,UPDATE,https://www.unum.com
621b993c5f87e75f5365a925,UPDATE,https://www.up.com
621b993c5f87e75f5365a931,UPDATE,https://www.thetradedesk.com
621b993c5f87e75f5365a939,UPDATE,https://www.lendingtree.com
621b993c5f87e75f5365a93d,UPDATE,https://www.ups.com
621b993c5f87e75f5365a945,UPDATE,https://www.unitedrentals.com
621b993c5f87e75f5365a949,UPDATE,https://twitter.com
621b993c5f87e75f5365a951,UPDATE,https://www.usbank.com
621b993c5f87e75f5365a955,UPDATE,https://www.veeva.com
621b993c5f87e75f5365a95d,UPDATE,https://usa.visa.com
621b993c5f87e75f5365a961,UPDATE,https://www.valero.com
621b993c5f87e75f5365a965,UPDATE,https://www.vmware.com
621b993c5f87e75f5365a969,UPDATE,https://www.voya.com
621b993c5f87e75f5365a96d,UPDATE,https://www.verisk.com
621b993c5f87e75f5365a971,UPDATE,https://www.vfc.com
621b993c5f87e75f5365a975,UPDATE,https://www.verisign.com
621b993c5f87e75f5365a979,UPDATE,https://www.viasat.com
621b993c5f87e75f5365a97d,UPDATE,https://www.verizon.com
621b993c5f87e75f5365a981,UPDATE,https://www.vistracorp.com
621b993c5f87e75f5365a985,UPDATE,https://www.wayfair.com
621b993c5f87e75f5365a989,UPDATE,https://www.westernalliancebancorporation.com
621b993c5f87e75f5365a991,UPDATE,https://www.valvoline.com
621b993c5f87e75f5365a995,UPDATE,https://public.websteronline.com
621b993c5f87e75f5365a9a5,UPDATE,https://www.walmart.com
621b993d5f87e75f5365a9b9,UPDATE,https://www.williams-sonoma.com
621b993d5f87e75f5365a9c5,UPDATE,https://www.wendys.com
621b993d5f87e75f5365a9cd,UPDATE,https://corporate.wwe.com
621b993d5f87e75f5365a9dd,UPDATE,https://www.whirlpool.com
621b993d5f87e75f5365a9ed,UPDATE,https://www.westernunion.com
621b993d5f87e75f5365aa05,UPDATE,https://www.exxon.com
621b99445f87e75f5365add5,UPDATE,https://www.waytob.biz
621b99455f87e75f5365ae99,UPDATE,https://www.incnow.com
621b99455f87e75f5365aead,UPDATE,https://makesscentsspaline.com
621b99475f87e75f5365aff9,UPDATE,https://teamtipton.com
621b99485f87e75f5365b065,UPDATE,https://upoharethniccuisines.com
621b99485f87e75f5365b06d,UPDATE,https://vanderburghhouse.com
621b994c5f87e75f5365b281,UPDATE,https://impactadvisor.com
621b99645f87e75f5365c0d9,UPDATE,https://www.buygtech.com
621b99695f87e75f5365c3a9,UPDATE,https://webbchemical.shopfront.com/scripts/cgiip.exe/WService=memord/shopfront3.0/pbr_default.htm?mem=342
621b996a5f87e75f5365c429,UPDATE,https://us.gsk.com
621b996a5f87e75f5365c439,UPDATE,https://www.edp.com
621b996a5f87e75f5365c43d,UPDATE,https://www.fujifilm.com
621b996a5f87e75f5365c45d,UPDATE,https://www.fujitsu.com
621b996b5f87e75f5365c4d1,UPDATE,https://www.samsung.com
621b996c5f87e75f5365c581,UPDATE,https://us.burberry.com
621b996d5f87e75f5365c605,UPDATE,https://www.logista.com
621b996e5f87e75f5365c6a1,UPDATE,https://www.dsm.com
621b99705f87e75f5365c755,UPDATE,https://www.rakuten.com
621b99705f87e75f5365c765,UPDATE,https://www.sap.com
621b99715f87e75f5365c875,UPDATE,https://www.benjaminmoore.com
621b99a05f87e75f5365e3b5,UPDATE,https://www.handiguru.com
621b99a65f87e75f5365e721,UPDATE,https://www.jacksonholekayak.com
621b99ad5f87e75f5365eb79,UPDATE,https://www.landscapeforms.com
621b99b05f87e75f5365ece5,UPDATE,https://www.brooksrunning.com
621b99b05f87e75f5365ecf9,UPDATE,https://www.benjaminmoore.com
621b99b05f87e75f5365ecfd,UPDATE,https://www.dairyqueen.com
621b99b05f87e75f5365ed01,UPDATE,https://www.cort.com
621b99b15f87e75f5365ed7d,UPDATE,https://www.irishspring.com
621b99b15f87e75f5365ed91,UPDATE,https://www.speedstick.com
621b99b15f87e75f5365edbd,UPDATE,https://www.jimmychoo.com
621b99b15f87e75f5365edc1,UPDATE,https://www.wella.com
621b99b15f87e75f5365edc5,UPDATE,https://www.versace.com
621b99b25f87e75f5365edf9,UPDATE,https://www.bourjois.com
621b99b25f87e75f5365ee15,UPDATE,https://www.clairol.com
621b99b35f87e75f5365ee81,UPDATE,https://www.dunkindonuts.com
621b99b35f87e75f5365ee9d,UPDATE,https://www.trivago.com
621b99b45f87e75f5365ef35,UPDATE,https://www.dim.com
621b99b45f87e75f5365ef65,UPDATE,https://www.hilton.com
621b99b55f87e75f5365efb1,UPDATE,https://www.ibm.com
621b99b55f87e75f5365efe1,UPDATE,https://www.rogaine.com
621b99b65f87e75f5365f0b1,UPDATE,https://www.coca-cola.com
621b99b85f87e75f5365f1a9,UPDATE,https://www.behr.com
621b99b85f87e75f5365f1f9,UPDATE,https://www.fisher-price.com
621b99b95f87e75f5365f201,UPDATE,https://www.waterman.com
621b99b95f87e75f5365f25d,UPDATE,https://www.luvsdiapers.com
621b99b95f87e75f5365f265,UPDATE,https://www.pampers.com
621b99b95f87e75f5365f269,UPDATE,https://downy.com
621b99b95f87e75f5365f26d,UPDATE,https://www.bouncefresh.com
621b99b95f87e75f5365f275,UPDATE,https://ilovegain.com
621b99b95f87e75f5365f279,UPDATE,https://bountytowels.com
621b99b95f87e75f5365f27d,UPDATE,https://puffs.com
621b99b95f87e75f5365f285,UPDATE,https://tide.com
621b99b95f87e75f5365f289,UPDATE,https://dreft.com
621b99ba5f87e75f5365f295,UPDATE,https://www.mbib.com
621b99ba5f87e75f5365f299,UPDATE,https://dawn-dish.com
621b99ba5f87e75f5365f29d,UPDATE,https://www.febreze.com
621b99ba5f87e75f5365f2a1,UPDATE,https://www.mrclean.com
621b99ba5f87e75f5365f2a9,UPDATE,https://swiffer.com
621b99ba5f87e75f5365f2ad,UPDATE,https://charmin.com
621b99ba5f87e75f5365f2b1,UPDATE,https://crest.com
621b99ba5f87e75f5365f2bd,UPDATE,https://headandshoulders.com
621b99ba5f87e75f5365f2c1,UPDATE,https://pantene.com
621b99ba5f87e75f5365f2c9,UPDATE,https://always.com
621b99ba5f87e75f5365f2cd,UPDATE,https://tampax.com
621b99ba5f87e75f5365f2dd,UPDATE,https://pepto-bismol.com
621b99ba5f87e75f5365f2e1,UPDATE,https://herbalessences.com
621b99ba5f87e75f5365f2e5,UPDATE,https://www.aussie.com
621b99ba5f87e75f5365f2f1,UPDATE,https://www.metamucil.com
621b99ba5f87e75f5365f2f5,UPDATE,https://www.zzzquil.com
621b99ba5f87e75f5365f2fd,UPDATE,https://vicks.com
621b99ba5f87e75f5365f309,UPDATE,https://izod.com
621b99ba5f87e75f5365f30d,UPDATE,https://secret.com
621b99ba5f87e75f5365f319,UPDATE,https://prilosecotc.com
621b99bb5f87e75f5365f34d,UPDATE,https://www.alignprobiotics.com
621b99bb5f87e75f5365f36d,UPDATE,https://www.dentureliving.com
621b99bb5f87e75f5365f385,UPDATE,https://www.vanheusen.com
621b99bb5f87e75f5365f389,UPDATE,
621b99bb5f87e75f5365f38d,UPDATE,https://www.corona.com
621b99bb5f87e75f5365f39d,UPDATE,https://www.modelousa.com
621b99bd5f87e75f5365f461,UPDATE,https://www.aeroscout.com
621b99bd5f87e75f5365f465,UPDATE,https://www.sonitrol.com
621b99bd5f87e75f5365f4cd,UPDATE,https://www.icebreaker.com
621b99be5f87e75f5365f4ed,UPDATE,https://www.timberland.com
621b99bf5f87e75f5365f589,UPDATE,https://www.firstresponse.com
621b99bf5f87e75f5365f59d,UPDATE,https://www.trojanbrands.com
621b99bf5f87e75f5365f5a1,UPDATE,https://www.oxiclean.com
621b99bf5f87e75f5365f5a5,UPDATE,https://www.gummyvites.com
621b99bf5f87e75f5365f5a9,UPDATE,https://www.gummyvites.com
621b99bf5f87e75f5365f5e5,UPDATE,https://www.pepsodent.com
621b99c05f87e75f5365f659,UPDATE,https://www.gucci.com
621b99c05f87e75f5365f665,UPDATE,https://www.bottegaveneta.com
621b99c05f87e75f5365f671,UPDATE,https://www.brioni.com
621b99c05f87e75f5365f67d,UPDATE,https://qeelin.com
621b99c05f87e75f5365f681,UPDATE,https://www.ulysse-nardin.com
621b99c05f87e75f5365f68d,UPDATE,https://www.bridgestonegolf.com
621b99c05f87e75f5365f695,UPDATE,https://www.gcrtires.com
621b99c05f87e75f5365f69d,UPDATE,https://www.bandag.com
621b99c15f87e75f5365f6b5,UPDATE,https://www.weekday.com
621b99c25f87e75f5365f799,UPDATE,https://www.calla.ly
621b99c35f87e75f5365f85d,UPDATE,https://www.eoffice.net
621b99c45f87e75f5365f891,UPDATE,https://www.fluidbranding.com
621b99c45f87e75f5365f895,UPDATE,https://www.forepartnership.com
621b99c45f87e75f5365f8b5,UPDATE,https://www.wearefuterra.com
621b99c45f87e75f5365f8e9,UPDATE,https://www.greenhouse.agency
621b99c55f87e75f5365f969,UPDATE,https://www.justso.com
621b99c65f87e75f5365f9e1,UPDATE,https://masecoprivatewealth.com
621b99c65f87e75f5365f9e9,UPDATE,https://wearejago.com
621b99c75f87e75f5365fa39,UPDATE,https://truehorizon.co.uk
621b99c75f87e75f5365fa41,UPDATE,https://www.nuserve.co.uk
621b99c75f87e75f5365fa45,UPDATE,https://www.o3e.co.uk
621b99c75f87e75f5365fa85,UPDATE,https://www.performgreen.co.uk
621b99c85f87e75f5365faa1,UPDATE,https://projectxglobal.com
621b99c85f87e75f5365fab1,UPDATE,
621b99c85f87e75f5365fac5,UPDATE,
621b99c85f87e75f5365fac9,UPDATE,
621b99c85f87e75f5365facd,UPDATE,
621b99c85f87e75f5365fad1,UPDATE,
621b99c85f87e75f5365fad5,UPDATE,
621b99c85f87e75f5365fad9,UPDATE,
621b99c85f87e75f5365fadd,UPDATE,
621b99c85f87e75f5365fae1,UPDATE,
621b99c85f87e75f5365fae5,UPDATE,
621b99c85f87e75f5365fae9,UPDATE,
621b99c85f87e75f5365faed,UPDATE,
621b99c85f87e75f5365faf1,UPDATE,
621b99c85f87e75f5365faf5,UPDATE,
621b99c85f87e75f5365faf9,UPDATE,
621b99c85f87e75f5365fafd,UPDATE,
621b99c85f87e75f5365fb01,UPDATE,
621b99c85f87e75f5365fb05,UPDATE,
621b99c85f87e75f5365fb09,UPDATE,
621b99c85f87e75f5365fb0d,UPDATE,
621b99c85f87e75f5365fb11,UPDATE,
621b99c85f87e75f5365fb15,UPDATE,
621b99c85f87e75f5365fb19,UPDATE,
621b99c85f87e75f5365fb1d,UPDATE,
621b99c85f87e75f5365fb21,UPDATE,
621b99c85f87e75f5365fb25,UPDATE,
621b99c85f87e75f5365fb29,UPDATE,
621b99c95f87e75f5365fb2d,UPDATE,
621b99c95f87e75f5365fb35,UPDATE,
621b99c95f87e75f5365fb39,UPDATE,
621b99c95f87e75f5365fb3d,UPDATE,
621b99c95f87e75f5365fb41,UPDATE,
621b99c95f87e75f5365fb45,UPDATE,
621b99c95f87e75f5365fb49,UPDATE,
621b99c95f87e75f5365fb4d,UPDATE,
621b99c95f87e75f5365fb51,UPDATE,
621b99c95f87e75f5365fb55,UPDATE,
621b99c95f87e75f5365fb59,UPDATE,
621b99c95f87e75f5365fb5d,UPDATE,
621b99c95f87e75f5365fb61,UPDATE,
621b99c95f87e75f5365fb65,UPDATE,
621b99c95f87e75f5365fb69,UPDATE,
621b99c95f87e75f5365fb6d,UPDATE,
621b99c95f87e75f5365fb71,UPDATE,
621b99c95f87e75f5365fb75,UPDATE,
621b99c95f87e75f5365fb79,UPDATE,
621b99c95f87e75f5365fb7d,UPDATE,
621b99c95f87e75f5365fb81,UPDATE,
621b99c95f87e75f5365fb85,UPDATE,
621b99c95f87e75f5365fb89,UPDATE,
621b99c95f87e75f5365fb8d,UPDATE,
621b99c95f87e75f5365fb91,UPDATE,
621b99c95f87e75f5365fb95,UPDATE,
621b99c95f87e75f5365fb9d,UPDATE,
621b99c95f87e75f5365fba1,UPDATE,
621b99c95f87e75f5365fba5,UPDATE,
621b99c95f87e75f5365fba9,UPDATE,
621b99c95f87e75f5365fbad,UPDATE,
621b99c95f87e75f5365fbb1,UPDATE,
621b99c95f87e75f5365fbb5,UPDATE,
621b99c95f87e75f5365fbb9,UPDATE,
621b99c95f87e75f5365fbbd,UPDATE,
621b99ca5f87e75f5365fbc1,UPDATE,
621b99ca5f87e75f5365fbc5,UPDATE,
621b99ca5f87e75f5365fbc9,UPDATE,
621b99ca5f87e75f5365fbcd,UPDATE,
621b99ca5f87e75f5365fbd1,UPDATE,
621b99ca5f87e75f5365fbd5,UPDATE,
621b99ca5f87e75f5365fbd9,UPDATE,
621b99ca5f87e75f5365fbdd,UPDATE,
621b99ca5f87e75f5365fbe1,UPDATE,
621b99ca5f87e75f5365fbe5,UPDATE,
621b99ca5f87e75f5365fbe9,UPDATE,
621b99ca5f87e75f5365fbed,UPDATE,
621b99ca5f87e75f5365fbf1,UPDATE,
621b99ca5f87e75f5365fbf5,UPDATE,
621b99ca5f87e75f5365fbf9,UPDATE,
621b99ca5f87e75f5365fbfd,UPDATE,
621b99ca5f87e75f5365fc01,UPDATE,
621b99ca5f87e75f5365fc05,UPDATE,
621b99ca5f87e75f5365fc09,UPDATE,
621b99ca5f87e75f5365fc0d,UPDATE,
621b99ca5f87e75f5365fc11,UPDATE,
621b99ca5f87e75f5365fc15,UPDATE,
621b99ca5f87e75f5365fc19,UPDATE,
621b99ca5f87e75f5365fc1d,UPDATE,
621b99ca5f87e75f5365fc21,UPDATE,
621b99ca5f87e75f5365fc25,UPDATE,
621b99ca5f87e75f5365fc29,UPDATE,
621b99ca5f87e75f5365fc2d,UPDATE,
621b99ca5f87e75f5365fc31,UPDATE,
621b99ca5f87e75f5365fc35,UPDATE,
621b99ca5f87e75f5365fc39,UPDATE,https://volans.com
621b99ca5f87e75f5365fc3d,UPDATE,
621b99ca5f87e75f5365fc41,UPDATE,https://www.vivobarefoot.com
621b99ca5f87e75f5365fc45,UPDATE,https://www.weare8.com
621b99ca5f87e75f5365fc49,UPDATE,https://wasafirihub.com
621b99ca5f87e75f5365fc4d,UPDATE,
621b99ca5f87e75f5365fc51,UPDATE,https://www.wallbrook.com
621b99ca5f87e75f5365fc55,UPDATE,https://www.wholegraindigital.com
621b99cb5f87e75f5365fc59,UPDATE,
621b99cb5f87e75f5365fc5d,UPDATE,
621b99cb5f87e75f5365fc61,UPDATE,https://www.wildheartsgroup.com
621b99cb5f87e75f5365fc65,UPDATE,
621b99cb5f87e75f5365fc69,UPDATE,
621b99cb5f87e75f5365fc6d,UPDATE,
621b99cb5f87e75f5365fc71,UPDATE,
621b99cb5f87e75f5365fc75,UPDATE,
621b99cb5f87e75f5365fc79,UPDATE,
621b99cb5f87e75f5365fc7d,UPDATE,
621b99cb5f87e75f5365fc81,UPDATE,https://www.worldofbooks.com
621b99cb5f87e75f5365fc9d,UPDATE,
621b99cb5f87e75f5365fca1,UPDATE,
621b99cb5f87e75f5365fca9,UPDATE,
621b99cb5f87e75f5365fcad,UPDATE,
621b99cb5f87e75f5365fcb1,UPDATE,
621b99cb5f87e75f5365fcb5,UPDATE,
621b99cb5f87e75f5365fcb9,UPDATE,
621b99cb5f87e75f5365fcbd,UPDATE,
621b99cb5f87e75f5365fcc1,UPDATE,
621b99cb5f87e75f5365fcc5,UPDATE,
621b99cb5f87e75f5365fcc9,UPDATE,https://www.kryptonitelock.com
621b99cb5f87e75f5365fccd,UPDATE,
621b99cb5f87e75f5365fcd1,UPDATE,
621b99cb5f87e75f5365fcd5,UPDATE,
621b99cb5f87e75f5365fcd9,UPDATE,
621b99cb5f87e75f5365fcdd,UPDATE,
621b99cb5f87e75f5365fce1,UPDATE,
621b99cb5f87e75f5365fce5,UPDATE,
621b99cb5f87e75f5365fce9,UPDATE,
621b99cc5f87e75f5365fced,UPDATE,
621b99cc5f87e75f5365fcf1,UPDATE,
621b99cc5f87e75f5365fcf5,UPDATE,
621b99cc5f87e75f5365fcf9,UPDATE,
621b99cc5f87e75f5365fcfd,UPDATE,
621b99cc5f87e75f5365fd01,UPDATE,
621b99cc5f87e75f5365fd05,UPDATE,
621b99cc5f87e75f5365fd09,UPDATE,
621b99cc5f87e75f5365fd0d,UPDATE,
621b99cc5f87e75f5365fd11,UPDATE,
621b99cc5f87e75f5365fd15,UPDATE,
621b99cc5f87e75f5365fd19,UPDATE,
621b99cc5f87e75f5365fd1d,UPDATE,
621b99cc5f87e75f5365fd21,UPDATE,
621b99cc5f87e75f5365fd25,UPDATE,
621b99cc5f87e75f5365fd29,UPDATE,
621b99cc5f87e75f5365fd2d,UPDATE,
621b99cc5f87e75f5365fd31,UPDATE,
621b99cc5f87e75f5365fd35,UPDATE,
621b99cc5f87e75f5365fd39,UPDATE,
621b99cc5f87e75f5365fd3d,UPDATE,
621b99cc5f87e75f5365fd41,UPDATE,
621b99cc5f87e75f5365fd45,UPDATE,
621b99cc5f87e75f5365fd4d,UPDATE,
621b99cc5f87e75f5365fd51,UPDATE,
621b99cc5f87e75f5365fd55,UPDATE,
621b99cc5f87e75f5365fd59,UPDATE,
621b99cc5f87e75f5365fd5d,UPDATE,
621b99cc5f87e75f5365fd61,UPDATE,
621b99cc5f87e75f5365fd65,UPDATE,
621b99cc5f87e75f5365fd69,UPDATE,
621b99cc5f87e75f5365fd6d,UPDATE,
621b99cc5f87e75f5365fd79,UPDATE,
621b99cd5f87e75f5365fd85,UPDATE,https://www.yacktman.com
621b99cd5f87e75f5365fd89,UPDATE,
621b99cd5f87e75f5365fd91,UPDATE,
621b99cd5f87e75f5365fd99,UPDATE,
621b99cd5f87e75f5365fd9d,UPDATE,https://www.activision.com
621b99cd5f87e75f5365fda5,UPDATE,https://www.activisionblizzardmedia.com
621b99cd5f87e75f5365fda9,UPDATE,
621b99cd5f87e75f5365fdd5,UPDATE,
621b99cd5f87e75f5365fdd9,UPDATE,
621b99cd5f87e75f5365fddd,UPDATE,
621b99cd5f87e75f5365fde5,UPDATE,
621b99cd5f87e75f5365fde9,UPDATE,
621b99cd5f87e75f5365fdf1,UPDATE,
621b99cd5f87e75f5365fdf9,UPDATE,
621b99cd5f87e75f5365fe09,UPDATE,
621b99cd5f87e75f5365fe0d,UPDATE,
621b99cd5f87e75f5365fe11,UPDATE,
621b99ce5f87e75f5365fe15,UPDATE,
621b99ce5f87e75f5365fe19,UPDATE,
621b99ce5f87e75f5365fe21,UPDATE,
621b99ce5f87e75f5365fe25,UPDATE,
621b99ce5f87e75f5365fe29,UPDATE,
621b99ce5f87e75f5365fe2d,UPDATE,
621b99ce5f87e75f5365fe31,UPDATE,
621b99ce5f87e75f5365fe39,UPDATE,
621b99ce5f87e75f5365fe3d,UPDATE,
621b99ce5f87e75f5365fe41,UPDATE,
621b99ce5f87e75f5365fe45,UPDATE,
621b99ce5f87e75f5365fe49,UPDATE,
621b99ce5f87e75f5365fe4d,UPDATE,
621b99ce5f87e75f5365fe51,UPDATE,
621b99ce5f87e75f5365fe55,UPDATE,
621b99ce5f87e75f5365fe59,UPDATE,
621b99ce5f87e75f5365fe5d,UPDATE,
621b99ce5f87e75f5365fe61,UPDATE,
621b99ce5f87e75f5365fe65,UPDATE,
621b99ce5f87e75f5365fe6d,UPDATE,
621b99ce5f87e75f5365fe71,UPDATE,
621b99ce5f87e75f5365fe75,UPDATE,
621b99ce5f87e75f5365fe79,UPDATE,
621b99ce5f87e75f5365fe7d,UPDATE,
621b99ce5f87e75f5365fe81,UPDATE,
621b99ce5f87e75f5365fe85,UPDATE,
621b99ce5f87e75f5365fe89,UPDATE,
621b99ce5f87e75f5365fe8d,UPDATE,
621b99ce5f87e75f5365fe91,UPDATE,
621b99ce5f87e75f5365fe95,UPDATE,
621b99ce5f87e75f5365fe99,UPDATE,
621b99ce5f87e75f5365fe9d,UPDATE,
621b99ce5f87e75f5365fea1,UPDATE,
621b99ce5f87e75f5365fea5,UPDATE,
621b99cf5f87e75f5365fea9,UPDATE,
621b99cf5f87e75f5365fead,UPDATE,
621b99cf5f87e75f5365feb1,UPDATE,
621b99cf5f87e75f5365feb5,UPDATE,
621b99cf5f87e75f5365feb9,UPDATE,
621b99cf5f87e75f5365febd,UPDATE,
621b99cf5f87e75f5365fec1,UPDATE,
621b99cf5f87e75f5365fec5,UPDATE,
621b99cf5f87e75f5365fec9,UPDATE,
621b99cf5f87e75f5365fecd,UPDATE,
621b99cf5f87e75f5365fed1,UPDATE,
621b99cf5f87e75f5365fed5,UPDATE,
621b99cf5f87e75f5365fed9,UPDATE,
621b99cf5f87e75f5365fedd,UPDATE,
621b99cf5f87e75f5365fee1,UPDATE,
621b99cf5f87e75f5365fee5,UPDATE,
621b99cf5f87e75f5365fee9,UPDATE,
621b99cf5f87e75f5365feed,UPDATE,
621b99cf5f87e75f5365fef1,UPDATE,
621b99cf5f87e75f5365fef5,UPDATE,
621b99cf5f87e75f5365fef9,UPDATE,
621b99cf5f87e75f5365fefd,UPDATE,
621b99cf5f87e75f5365ff01,UPDATE,
621b99cf5f87e75f5365ff05,UPDATE,
621b99cf5f87e75f5365ff09,UPDATE,
621b99cf5f87e75f5365ff0d,UPDATE,
621b99cf5f87e75f5365ff11,UPDATE,
621b99cf5f87e75f5365ff15,UPDATE,
621b99cf5f87e75f5365ff19,UPDATE,
621b99cf5f87e75f5365ff1d,UPDATE,
621b99cf5f87e75f5365ff21,UPDATE,
621b99cf5f87e75f5365ff25,UPDATE,
621b99cf5f87e75f5365ff29,UPDATE,
621b99cf5f87e75f5365ff2d,UPDATE,
621b99cf5f87e75f5365ff31,UPDATE,
621b99d05f87e75f5365ff3d,UPDATE,
621b99d05f87e75f5365ff49,UPDATE,
621b99d05f87e75f5365ff65,UPDATE,
621b99d05f87e75f5365ff69,UPDATE,
621b99d05f87e75f5365ff6d,UPDATE,
621b99d05f87e75f5365ff71,UPDATE,
621b99d05f87e75f5365ff75,UPDATE,
621b99d05f87e75f5365ff79,UPDATE,
621b99d05f87e75f5365ff7d,UPDATE,
621b99d05f87e75f5365ff81,UPDATE,
621b99d05f87e75f5365ff85,UPDATE,
621b99d05f87e75f5365ff8d,UPDATE,
621b99d05f87e75f5365ff91,UPDATE,
621b99d05f87e75f5365ff9d,UPDATE,
621b99d05f87e75f5365ffa5,UPDATE,
621b99d05f87e75f5365ffa9,UPDATE,
621b99d05f87e75f5365ffad,UPDATE,
621b99d05f87e75f5365ffb5,UPDATE,https://www.mhsindiana.com
621b99d05f87e75f5365ffb9,UPDATE,
621b99d05f87e75f5365ffbd,UPDATE,
621b99d05f87e75f5365ffc1,UPDATE,
621b99d05f87e75f5365ffc5,UPDATE,
621b99d05f87e75f5365ffcd,UPDATE,
621b99d15f87e75f5365ffd1,UPDATE,
621b99d15f87e75f5365ffd5,UPDATE,
621b99d15f87e75f5365ffd9,UPDATE,
621b99d15f87e75f5365ffdd,UPDATE,
621b99d15f87e75f5365ffe5,UPDATE,
621b99d15f87e75f5365ffe9,UPDATE,
621b99d15f87e75f5365ffed,UPDATE,
621b99d15f87e75f5365fff1,UPDATE,
621b99d15f87e75f53660001,UPDATE,
621b99d15f87e75f53660005,UPDATE,
621b99d15f87e75f53660015,UPDATE,
621b99d15f87e75f53660029,UPDATE,
621b99d15f87e75f5366002d,UPDATE,
621b99d15f87e75f53660045,UPDATE,
621b99d15f87e75f53660055,UPDATE,
621b99d15f87e75f53660059,UPDATE,
621b99d25f87e75f53660065,UPDATE,
621b99d25f87e75f53660069,UPDATE,
621b99d25f87e75f5366006d,UPDATE,
621b99d25f87e75f53660071,UPDATE,
621b99d25f87e75f53660095,UPDATE,
621b99d25f87e75f536600a1,UPDATE,
621b99d25f87e75f536600a5,UPDATE,
621b99d25f87e75f536600bd,UPDATE,
621b99d35f87e75f5366012d,UPDATE,
621b99d35f87e75f53660131,UPDATE,
621b99d35f87e75f53660169,UPDATE,
621b99d35f87e75f5366016d,UPDATE,
621b99d35f87e75f53660171,UPDATE,
621b99d35f87e75f53660179,UPDATE,
621b99d35f87e75f5366017d,UPDATE,
621b99d35f87e75f53660181,UPDATE,
621b99d35f87e75f53660185,UPDATE,
621b99d35f87e75f53660189,UPDATE,
621b99d35f87e75f5366018d,UPDATE,
621b99d45f87e75f53660191,UPDATE,
621b99d45f87e75f53660195,UPDATE,
621b99d45f87e75f53660199,UPDATE,
621b99d45f87e75f5366019d,UPDATE,
621b99d45f87e75f536601a1,UPDATE,
621b99d45f87e75f536601a9,UPDATE,
621b99d45f87e75f536601ad,UPDATE,
621b99d45f87e75f536601d1,UPDATE,
621b99d45f87e75f536601d5,UPDATE,
621b99d45f87e75f536601d9,UPDATE,
621b99d45f87e75f536601dd,UPDATE,
621b99d45f87e75f536601e5,UPDATE,
621b99d45f87e75f536601e9,UPDATE,
621b99d45f87e75f536601ed,UPDATE,
621b99d45f87e75f536601f5,UPDATE,
621b99d45f87e75f536601f9,UPDATE,
621b99d45f87e75f536601fd,UPDATE,
621b99d45f87e75f53660201,UPDATE,
621b99d45f87e75f53660209,UPDATE,
621b99d45f87e75f53660211,UPDATE,
621b99d45f87e75f53660215,UPDATE,
621b99d45f87e75f53660219,UPDATE,
621b99d45f87e75f5366021d,UPDATE,
621b99d55f87e75f53660225,UPDATE,
621b99d55f87e75f53660229,UPDATE,
621b99d55f87e75f5366022d,UPDATE,
621b99d55f87e75f53660231,UPDATE,
621b99d55f87e75f53660239,UPDATE,
621b99d55f87e75f5366023d,UPDATE,
621b99d55f87e75f53660245,UPDATE,
621b99d55f87e75f53660251,UPDATE,
621b99d55f87e75f53660265,UPDATE,
621b99d55f87e75f5366026d,UPDATE,
621b99d55f87e75f53660271,UPDATE,
621b99d55f87e75f53660275,UPDATE,
621b99d55f87e75f53660279,UPDATE,
621b99d55f87e75f5366028d,UPDATE,
621b99d55f87e75f53660291,UPDATE,
621b99d55f87e75f53660295,UPDATE,
621b99d55f87e75f5366029d,UPDATE,
621b99d55f87e75f536602a1,UPDATE,
621b99d55f87e75f536602a5,UPDATE,
621b99d55f87e75f536602a9,UPDATE,
621b99d55f87e75f536602ad,UPDATE,
621b99d55f87e75f536602b1,UPDATE,
621b99d55f87e75f536602b5,UPDATE,
621b99d55f87e75f536602b9,UPDATE,
621b99d65f87e75f536602bd,UPDATE,
621b99d65f87e75f536602c1,UPDATE,
621b99d65f87e75f536602c5,UPDATE,
621b99d65f87e75f536602c9,UPDATE,
621b99d65f87e75f536602cd,UPDATE,
621b99d65f87e75f536602d1,UPDATE,
621b99d65f87e75f536602d5,UPDATE,
621b99d65f87e75f536602d9,UPDATE,
621b99d65f87e75f536602dd,UPDATE,
621b99d65f87e75f536602e1,UPDATE,
621b99d65f87e75f536602e5,UPDATE,
621b99d65f87e75f536602e9,UPDATE,
621b99d65f87e75f536602ed,UPDATE,
621b99d65f87e75f536602f1,UPDATE,
621b99d65f87e75f536602f5,UPDATE,
621b99d65f87e75f536602fd,UPDATE,
621b99d65f87e75f53660315,UPDATE,
621b99d65f87e75f5366031d,UPDATE,
621b99d65f87e75f53660321,UPDATE,
621b99d65f87e75f53660325,UPDATE,
621b99d65f87e75f53660329,UPDATE,
621b99d65f87e75f5366032d,UPDATE,
621b99d65f87e75f53660335,UPDATE,
621b99d65f87e75f53660339,UPDATE,
621b99d65f87e75f53660349,UPDATE,https://www.indianmotorcycle.com
621b99d75f87e75f53660351,UPDATE,https://slingshot.polaris.com
621b99d75f87e75f53660355,UPDATE,
621b99d75f87e75f53660359,UPDATE,https://snowmobiles.polaris.com
621b99d75f87e75f5366035d,UPDATE,https://commercial.polaris.com
621b99d75f87e75f53660361,UPDATE,
621b99d85f87e75f53660449,UPDATE,https://www.deltek.com
621b99d85f87e75f5366045d,UPDATE,https://www.sunquestinfo.com
621b99d85f87e75f5366046d,UPDATE,https://www.cbord.com
621b99d85f87e75f53660471,UPDATE,https://www.conimex.com
621b99db5f87e75f53660615,UPDATE,https://www.raid.com
621b99db5f87e75f5366061d,UPDATE,https://www.windex.com
621b99db5f87e75f53660621,UPDATE,
621b99db5f87e75f53660625,UPDATE,
621b99db5f87e75f5366062d,UPDATE,https://www.scrubbingbubbles.com
621b99db5f87e75f53660631,UPDATE,
621b99db5f87e75f53660639,UPDATE,
621b99dc5f87e75f5366063d,UPDATE,
621b99dc5f87e75f53660641,UPDATE,
621b99dc5f87e75f53660649,UPDATE,https://www.pledge.com
621b99dc5f87e75f5366064d,UPDATE,https://www.shoutitout.com
621b99dc5f87e75f53660651,UPDATE,
621b99dc5f87e75f53660661,UPDATE,
621b99dc5f87e75f53660665,UPDATE,
621b99dc5f87e75f53660669,UPDATE,
621b99dc5f87e75f53660671,UPDATE,
621b99dc5f87e75f53660679,UPDATE,
621b99dc5f87e75f53660689,UPDATE,
621b99dc5f87e75f5366068d,UPDATE,
621b99dc5f87e75f536606cd,UPDATE,
621b99dc5f87e75f536606d1,UPDATE,
621b99dd5f87e75f536606d9,UPDATE,
621b99dd5f87e75f536606e9,UPDATE,
621b99dd5f87e75f536606ed,UPDATE,
621b99dd5f87e75f536606f1,UPDATE,
621b99dd5f87e75f536606f5,UPDATE,
621b99dd5f87e75f536606f9,UPDATE,
621b99dd5f87e75f536606fd,UPDATE,
621b99dd5f87e75f53660701,UPDATE,
621b99dd5f87e75f53660735,UPDATE,
621b99dd5f87e75f5366073d,UPDATE,
621b99dd5f87e75f53660741,UPDATE,
621b99dd5f87e75f53660745,UPDATE,
621b99dd5f87e75f53660749,UPDATE,
621b99dd5f87e75f53660751,UPDATE,
621b99dd5f87e75f53660755,UPDATE,
621b99dd5f87e75f5366075d,UPDATE,
621b99dd5f87e75f53660761,UPDATE,
621b99dd5f87e75f53660765,UPDATE,
621b99de5f87e75f53660789,UPDATE,
621b99de5f87e75f5366078d,UPDATE,
621b99de5f87e75f536607a5,UPDATE,
621b99de5f87e75f536607a9,UPDATE,
621b99de5f87e75f536607ad,UPDATE,
621b99de5f87e75f536607b1,UPDATE,
621b99de5f87e75f536607b9,UPDATE,
621b99de5f87e75f536607bd,UPDATE,
621b99de5f87e75f536607c5,UPDATE,
621b99de5f87e75f536607cd,UPDATE,
621b99de5f87e75f536607d1,UPDATE,
621b99de5f87e75f536607d5,UPDATE,
621b99de5f87e75f536607dd,UPDATE,
621b99de5f87e75f536607ed,UPDATE,
621b99df5f87e75f53660801,UPDATE,
621b99df5f87e75f53660805,UPDATE,
621b99df5f87e75f5366080d,UPDATE,
621b99df5f87e75f53660811,UPDATE,
621b99df5f87e75f53660815,UPDATE,
621b99df5f87e75f53660819,UPDATE,
621b99df5f87e75f5366081d,UPDATE,
621b99df5f87e75f53660825,UPDATE,
621b99df5f87e75f5366082d,UPDATE,
621b99df5f87e75f53660831,UPDATE,
621b99df5f87e75f53660835,UPDATE,
621b99df5f87e75f53660839,UPDATE,
621b99df5f87e75f5366083d,UPDATE,
621b99df5f87e75f53660841,UPDATE,
621b99df5f87e75f53660845,UPDATE,
621b99df5f87e75f53660849,UPDATE,
621b99df5f87e75f53660851,UPDATE,
621b99df5f87e75f5366085d,UPDATE,
621b99df5f87e75f53660861,UPDATE,
621b99df5f87e75f53660865,UPDATE,
621b99df5f87e75f53660869,UPDATE,
621b99df5f87e75f5366086d,UPDATE,
621b99df5f87e75f53660871,UPDATE,
621b99df5f87e75f53660875,UPDATE,
621b99df5f87e75f53660879,UPDATE,
621b99df5f87e75f53660881,UPDATE,
621b99df5f87e75f53660885,UPDATE,https://www.coorslight.com
621b99df5f87e75f53660889,UPDATE,
621b99df5f87e75f5366088d,UPDATE,
621b99df5f87e75f53660891,UPDATE,
621b99e05f87e75f53660895,UPDATE,
621b99e05f87e75f53660899,UPDATE,
621b99e05f87e75f5366089d,UPDATE,
621b99e05f87e75f536608a1,UPDATE,
621b99e05f87e75f536608a5,UPDATE,
621b99e05f87e75f536608a9,UPDATE,
621b99e05f87e75f536608ad,UPDATE,
621b99e05f87e75f536608b1,UPDATE,
621b99e05f87e75f536608b5,UPDATE,
621b99e05f87e75f536608b9,UPDATE,
621b99e05f87e75f536608bd,UPDATE,
621b99e05f87e75f536608c1,UPDATE,
621b99e05f87e75f536608c5,UPDATE,
621b99e05f87e75f536608c9,UPDATE,
621b99e05f87e75f536608cd,UPDATE,
621b99e05f87e75f536608d1,UPDATE,
621b99e05f87e75f536608d5,UPDATE,
621b99e05f87e75f536608d9,UPDATE,
621b99e05f87e75f536608dd,UPDATE,
621b99e05f87e75f536608e1,UPDATE,
621b99e05f87e75f536608e5,UPDATE,
621b99e05f87e75f536608e9,UPDATE,
621b99e05f87e75f536608ed,UPDATE,
621b99e05f87e75f536608f1,UPDATE,
621b99e05f87e75f536608f5,UPDATE,
621b99e05f87e75f536608f9,UPDATE,
621b99e05f87e75f5366090d,UPDATE,
621b99e15f87e75f53660929,UPDATE,https://www.litepoint.com
621b99e15f87e75f53660971,UPDATE,https://www.unitylabservices.com
621b99e15f87e75f53660975,UPDATE,
621b99e15f87e75f53660979,UPDATE,
621b99e15f87e75f53660981,UPDATE,
621b99e15f87e75f53660985,UPDATE,
621b99e15f87e75f53660999,UPDATE,
621b99e15f87e75f5366099d,UPDATE,
621b99e15f87e75f536609a1,UPDATE,
621b99e15f87e75f536609a9,UPDATE,
621b99e15f87e75f536609ad,UPDATE,
621b99e15f87e75f536609b5,UPDATE,
621b99e15f87e75f536609b9,UPDATE,
621b99e25f87e75f536609bd,UPDATE,
621b99e25f87e75f536609c1,UPDATE,
621b99e25f87e75f536609c5,UPDATE,
621b99e25f87e75f536609c9,UPDATE,
621b99e25f87e75f536609d1,UPDATE,
621b99e25f87e75f536609d5,UPDATE,
621b99e25f87e75f536609d9,UPDATE,
621b99e25f87e75f536609dd,UPDATE,
621b99e25f87e75f536609e1,UPDATE,
621b99e25f87e75f536609e5,UPDATE,
621b99e25f87e75f536609e9,UPDATE,
621b99e25f87e75f536609ed,UPDATE,
621b99e25f87e75f536609f1,UPDATE,
621b99e25f87e75f536609f5,UPDATE,
621b99e25f87e75f536609f9,UPDATE,
621b99e25f87e75f536609fd,UPDATE,
621b99e25f87e75f53660a01,UPDATE,
621b99e25f87e75f53660a0d,UPDATE,
621b99e25f87e75f53660a11,UPDATE,
621b99e25f87e75f53660a15,UPDATE,
621b99e25f87e75f53660a19,UPDATE,
621b99e25f87e75f53660a1d,UPDATE,
621b99e25f87e75f53660a21,UPDATE,
621b99e25f87e75f53660a25,UPDATE,
621b99e25f87e75f53660a2d,UPDATE,
621b99e25f87e75f53660a49,UPDATE,
621b99e25f87e75f53660a51,UPDATE,
621b99e35f87e75f53660a55,UPDATE,
621b99e35f87e75f53660a59,UPDATE,
621b99e35f87e75f53660a5d,UPDATE,
621b99e35f87e75f53660a61,UPDATE,
621b99e35f87e75f53660a69,UPDATE,
621b99e35f87e75f53660a6d,UPDATE,
621b99e35f87e75f53660a71,UPDATE,
621b99e35f87e75f53660a75,UPDATE,
621b99e35f87e75f53660a79,UPDATE,
621b99e35f87e75f53660a7d,UPDATE,
621b99e35f87e75f53660a81,UPDATE,
621b99e35f87e75f53660a85,UPDATE,
621b99e35f87e75f53660a89,UPDATE,https://www.paramount.com
621b99e35f87e75f53660a8d,UPDATE,
621b99e35f87e75f53660a91,UPDATE,
621b99e35f87e75f53660a95,UPDATE,
621b99e35f87e75f53660a99,UPDATE,
621b99e35f87e75f53660a9d,UPDATE,
621b99e35f87e75f53660aa1,UPDATE,
621b99e35f87e75f53660aa5,UPDATE,
621b99e35f87e75f53660aa9,UPDATE,
621b99e35f87e75f53660aad,UPDATE,
621b99e35f87e75f53660ab1,UPDATE,
621b99e35f87e75f53660ab5,UPDATE,
621b99e35f87e75f53660ab9,UPDATE,
621b99e35f87e75f53660ac1,UPDATE,
621b99e35f87e75f53660ac5,UPDATE,
621b99e35f87e75f53660ac9,UPDATE,
621b99e45f87e75f53660af9,UPDATE,
621b99e45f87e75f53660afd,UPDATE,
621b99e45f87e75f53660b01,UPDATE,
621b99e45f87e75f53660b09,UPDATE,
621b99e45f87e75f53660b0d,UPDATE,
621b99e45f87e75f53660b11,UPDATE,
621b99e45f87e75f53660b19,UPDATE,
621b99e45f87e75f53660b21,UPDATE,
621b99e45f87e75f53660b25,UPDATE,
621b99e45f87e75f53660b35,UPDATE,
621b99e45f87e75f53660b3d,UPDATE,
621b99e45f87e75f53660b45,UPDATE,
621b99e45f87e75f53660b55,UPDATE,
621b99e45f87e75f53660b59,UPDATE,
621b99e45f87e75f53660b5d,UPDATE,
621b99e45f87e75f53660b69,UPDATE,
621b99e45f87e75f53660b6d,UPDATE,
621b99e55f87e75f53660b95,UPDATE,
621b99e55f87e75f53660ba1,UPDATE,
621b99e55f87e75f53660ba9,UPDATE,
621b99e55f87e75f53660bd9,UPDATE,
621b99e55f87e75f53660bf1,UPDATE,
621b99e65f87e75f53660c31,UPDATE,
621b99e65f87e75f53660c71,UPDATE,
621b99e65f87e75f53660c79,UPDATE,https://www.certifiedlabs.com
621b99e65f87e75f53660c81,UPDATE,
621b99e65f87e75f53660c85,UPDATE,
621b99e65f87e75f53660c8d,UPDATE,
621b99e75f87e75f53660cd9,UPDATE,
621b99e75f87e75f53660ce9,UPDATE,
621b99e75f87e75f53660cf1,UPDATE,
621b99e75f87e75f53660cfd,UPDATE,
621b99e75f87e75f53660d01,UPDATE,
621b99e75f87e75f53660d09,UPDATE,
621b99e75f87e75f53660d0d,UPDATE,
621b99e75f87e75f53660d11,UPDATE,
621b99e75f87e75f53660d15,UPDATE,
621b99e75f87e75f53660d19,UPDATE,
621b99e75f87e75f53660d1d,UPDATE,
621b99e75f87e75f53660d25,UPDATE,
621b99e75f87e75f53660d29,UPDATE,
621b99e75f87e75f53660d2d,UPDATE,
621b99e75f87e75f53660d35,UPDATE,
621b99e85f87e75f53660d3d,UPDATE,
621b99e85f87e75f53660d41,UPDATE,
621b99e85f87e75f53660d45,UPDATE,
621b99e85f87e75f53660d49,UPDATE,
621b99e85f87e75f53660d4d,UPDATE,
621b99e85f87e75f53660d51,UPDATE,
621b99e85f87e75f53660d55,UPDATE,
621b99e85f87e75f53660d59,UPDATE,
621b99e85f87e75f53660d5d,UPDATE,
621b99e85f87e75f53660d61,UPDATE,
621b99e85f87e75f53660d65,UPDATE,
621b99e85f87e75f53660d69,UPDATE,
621b99e85f87e75f53660d6d,UPDATE,
621b99e85f87e75f53660d71,UPDATE,
621b99e85f87e75f53660d75,UPDATE,
621b99e85f87e75f53660d79,UPDATE,
621b99e85f87e75f53660d7d,UPDATE,
621b99e85f87e75f53660d81,UPDATE,
621b99e85f87e75f53660d8d,UPDATE,
621b99e85f87e75f53660d91,UPDATE,
621b99e85f87e75f53660d95,UPDATE,
621b99e85f87e75f53660d99,UPDATE,
621b99e85f87e75f53660d9d,UPDATE,
621b99e85f87e75f53660da1,UPDATE,
621b99e85f87e75f53660da5,UPDATE,
621b99e85f87e75f53660da9,UPDATE,
621b99e85f87e75f53660dad,UPDATE,
621b99e85f87e75f53660db1,UPDATE,
621b99e85f87e75f53660db5,UPDATE,
621b99e85f87e75f53660db9,UPDATE,
621b99e85f87e75f53660dbd,UPDATE,
621b99e85f87e75f53660dc1,UPDATE,
621b99e85f87e75f53660dc9,UPDATE,
621b99e95f87e75f53660dd5,UPDATE,
621b99e95f87e75f53660dd9,UPDATE,
621b99e95f87e75f53660de1,UPDATE,
621b99e95f87e75f53660de5,UPDATE,
621b99e95f87e75f53660de9,UPDATE,
621b99e95f87e75f53660ded,UPDATE,
621b99e95f87e75f53660df1,UPDATE,
621b99e95f87e75f53660df5,UPDATE,
621b99e95f87e75f53660df9,UPDATE,
621b99e95f87e75f53660dfd,UPDATE,
621b99e95f87e75f53660e05,UPDATE,
621b99e95f87e75f53660e09,UPDATE,
621b99e95f87e75f53660e0d,UPDATE,
621b99e95f87e75f53660e11,UPDATE,
621b99e95f87e75f53660e15,UPDATE,
621b99e95f87e75f53660e1d,UPDATE,
621b99ea5f87e75f53660e99,UPDATE,
621b99ea5f87e75f53660e9d,UPDATE,
621b99ea5f87e75f53660ea5,UPDATE,
621b99ea5f87e75f53660ea9,UPDATE,
621b99ea5f87e75f53660ead,UPDATE,
621b99ea5f87e75f53660eb1,UPDATE,
621b99ea5f87e75f53660eb5,UPDATE,
621b99ea5f87e75f53660eb9,UPDATE,
621b99ea5f87e75f53660ebd,UPDATE,
621b99ea5f87e75f53660ec1,UPDATE,
621b99ea5f87e75f53660ec9,UPDATE,
621b99ea5f87e75f53660ed1,UPDATE,
621b99ea5f87e75f53660ee1,UPDATE,
621b99ea5f87e75f53660eed,UPDATE,
621b99ea5f87e75f53660ef1,UPDATE,
621b99ea5f87e75f53660ef5,UPDATE,
621b99ea5f87e75f53660ef9,UPDATE,
621b99eb5f87e75f53660efd,UPDATE,
621b99eb5f87e75f53660f01,UPDATE,
621b99eb5f87e75f53660f05,UPDATE,
621b99eb5f87e75f53660f09,UPDATE,
621b99eb5f87e75f53660f0d,UPDATE,
621b99eb5f87e75f53660f11,UPDATE,
621b99eb5f87e75f53660f15,UPDATE,
621b99eb5f87e75f53660f1d,UPDATE,
621b99eb5f87e75f53660f25,UPDATE,
621b99eb5f87e75f53660f29,UPDATE,
621b99eb5f87e75f53660f2d,UPDATE,
621b99eb5f87e75f53660f31,UPDATE,
621b99eb5f87e75f53660f35,UPDATE,
621b99eb5f87e75f53660f39,UPDATE,
621b99eb5f87e75f53660f41,UPDATE,
621b99eb5f87e75f53660f45,UPDATE,
621b99eb5f87e75f53660f49,UPDATE,
621b99eb5f87e75f53660f4d,UPDATE,
621b99eb5f87e75f53660f51,UPDATE,
621b99eb5f87e75f53660f55,UPDATE,
621b99eb5f87e75f53660f59,UPDATE,
621b99eb5f87e75f53660f5d,UPDATE,
621b99eb5f87e75f53660f61,UPDATE,
621b99eb5f87e75f53660f65,UPDATE,
621b99eb5f87e75f53660f69,UPDATE,
621b99eb5f87e75f53660f6d,UPDATE,
621b99eb5f87e75f53660f71,UPDATE,
621b99eb5f87e75f53660f75,UPDATE,
621b99eb5f87e75f53660f79,UPDATE,
621b99eb5f87e75f53660f7d,UPDATE,
621b99eb5f87e75f53660f85,UPDATE,
621b99ec5f87e75f53660f95,UPDATE,
621b99ec5f87e75f53660f99,UPDATE,
621b99ec5f87e75f53660fa1,UPDATE,
621b99ec5f87e75f53660fa9,UPDATE,
621b99ec5f87e75f53660fad,UPDATE,
621b99ec5f87e75f53660fb5,UPDATE,
621b99ec5f87e75f53660fb9,UPDATE,
621b99ec5f87e75f53660fbd,UPDATE,
621b99ec5f87e75f53660fc1,UPDATE,
621b99ec5f87e75f53660fc9,UPDATE,
621b99ec5f87e75f53660fcd,UPDATE,
621b99ec5f87e75f53660ff9,UPDATE,
621b99ec5f87e75f53660ffd,UPDATE,
621b99ec5f87e75f53661001,UPDATE,
621b99ec5f87e75f5366100d,UPDATE,
621b99ec5f87e75f53661015,UPDATE,
621b99ec5f87e75f53661019,UPDATE,
621b99ed5f87e75f53661025,UPDATE,
621b99ed5f87e75f53661029,UPDATE,
621b99ed5f87e75f5366102d,UPDATE,
621b99ed5f87e75f53661039,UPDATE,
621b99ed5f87e75f5366103d,UPDATE,
621b99ed5f87e75f53661045,UPDATE,
621b99ed5f87e75f5366105d,UPDATE,
621b99ed5f87e75f53661061,UPDATE,
621b99ed5f87e75f53661065,UPDATE,
621b99ed5f87e75f53661069,UPDATE,
621b99ed5f87e75f5366106d,UPDATE,
621b99ed5f87e75f53661071,UPDATE,
621b99ed5f87e75f53661075,UPDATE,
621b99ed5f87e75f53661079,UPDATE,
621b99ed5f87e75f5366107d,UPDATE,
621b99ed5f87e75f53661081,UPDATE,https://bluebuffalo.com
621b99ed5f87e75f53661085,UPDATE,
621b99ed5f87e75f53661089,UPDATE,
621b99ed5f87e75f5366108d,UPDATE,
621b99ed5f87e75f53661091,UPDATE,
621b99ed5f87e75f53661095,UPDATE,
621b99ed5f87e75f53661099,UPDATE,
621b99ed5f87e75f5366109d,UPDATE,
621b99ed5f87e75f536610a1,UPDATE,
621b99ed5f87e75f536610a9,UPDATE,
621b99ed5f87e75f536610ad,UPDATE,
621b99ed5f87e75f536610b1,UPDATE,
621b99ed5f87e75f536610b5,UPDATE,
621b99ee5f87e75f536610b9,UPDATE,
621b99ee5f87e75f536610bd,UPDATE,
621b99ee5f87e75f536610c1,UPDATE,
621b99ee5f87e75f536610c5,UPDATE,
621b99ee5f87e75f536610c9,UPDATE,
621b99ee5f87e75f536610cd,UPDATE,
621b99ee5f87e75f536610d1,UPDATE,
621b99ee5f87e75f536610d5,UPDATE,
621b99ee5f87e75f536610d9,UPDATE,
621b99ee5f87e75f536610dd,UPDATE,
621b99ee5f87e75f536610e1,UPDATE,
621b99ee5f87e75f53661125,UPDATE,
621b99ee5f87e75f53661141,UPDATE,
621b99ef5f87e75f5366115d,UPDATE,
621b99ef5f87e75f53661171,UPDATE,
621b99ef5f87e75f53661189,UPDATE,
621b99ef5f87e75f53661191,UPDATE,
621b99ef5f87e75f53661199,UPDATE,
621b99ef5f87e75f536611a9,UPDATE,
621b99ef5f87e75f536611ad,UPDATE,
621b99ef5f87e75f536611b1,UPDATE,
621b99ef5f87e75f536611b5,UPDATE,
621b99f15f87e75f53661281,UPDATE,
621b99f15f87e75f53661285,UPDATE,https://www.exacq.com
621b99f15f87e75f5366128d,UPDATE,
621b99f15f87e75f53661295,UPDATE,
621b99f15f87e75f53661299,UPDATE,
621b99f15f87e75f5366129d,UPDATE,
621b99f15f87e75f536612a1,UPDATE,
621b99f15f87e75f536612a5,UPDATE,
621b99f15f87e75f536612a9,UPDATE,
621b99f15f87e75f536612ad,UPDATE,
621b99f15f87e75f536612b1,UPDATE,
621b99f15f87e75f536612b5,UPDATE,
621b99f15f87e75f536612b9,UPDATE,
621b99f15f87e75f536612bd,UPDATE,
621b99f15f87e75f536612c1,UPDATE,
621b99f15f87e75f536612c5,UPDATE,
621b99f15f87e75f536612c9,UPDATE,
621b99f15f87e75f536612cd,UPDATE,
621b99f15f87e75f536612d1,UPDATE,
621b99f15f87e75f536612d5,UPDATE,
621b99f15f87e75f536612d9,UPDATE,
621b99f15f87e75f536612dd,UPDATE,https://www.pringles.com
621b99f15f87e75f536612e1,UPDATE,
621b99f15f87e75f536612e5,UPDATE,https://www.poptarts.com
621b99f15f87e75f536612e9,UPDATE,
621b99f15f87e75f536612ed,UPDATE,
621b99f15f87e75f536612f1,UPDATE,
621b99f15f87e75f536612f5,UPDATE,
621b99f15f87e75f536612f9,UPDATE,https://www.applejacks.com
621b99f15f87e75f536612fd,UPDATE,https://www.carrscrackers.com
621b99f15f87e75f53661301,UPDATE,
621b99f15f87e75f53661305,UPDATE,https://www.all-bran.com
621b99f15f87e75f53661309,UPDATE,
621b99f15f87e75f5366130d,UPDATE,
621b99f25f87e75f53661311,UPDATE,https://www.cheezit.com
621b99f25f87e75f53661319,UPDATE,
621b99f25f87e75f5366131d,UPDATE,
621b99f25f87e75f53661321,UPDATE,
621b99f25f87e75f5366132d,UPDATE,
621b99f25f87e75f53661331,UPDATE,
621b99f25f87e75f53661335,UPDATE,
621b99f25f87e75f53661339,UPDATE,
621b99f25f87e75f5366133d,UPDATE,
621b99f25f87e75f53661341,UPDATE,
621b99f25f87e75f53661345,UPDATE,
621b99f25f87e75f53661349,UPDATE,
621b99f25f87e75f5366134d,UPDATE,
621b99f25f87e75f53661355,UPDATE,
621b99f25f87e75f53661359,UPDATE,
621b99f25f87e75f5366135d,UPDATE,
621b99f25f87e75f53661361,UPDATE,
621b99f25f87e75f53661365,UPDATE,
621b99f25f87e75f53661369,UPDATE,
621b99f25f87e75f5366136d,UPDATE,
621b99f25f87e75f53661371,UPDATE,
621b99f25f87e75f53661375,UPDATE,
621b99f25f87e75f53661379,UPDATE,
621b99f25f87e75f5366137d,UPDATE,
621b99f25f87e75f53661381,UPDATE,
621b99f25f87e75f53661385,UPDATE,
621b99f25f87e75f53661389,UPDATE,
621b99f25f87e75f5366138d,UPDATE,
621b99f25f87e75f53661391,UPDATE,https://www.panerabread.com
621b99f25f87e75f53661395,UPDATE,
621b99f25f87e75f53661399,UPDATE,
621b99f25f87e75f5366139d,UPDATE,
621b99f25f87e75f536613a1,UPDATE,
621b99f35f87e75f536613a5,UPDATE,
621b99f35f87e75f536613a9,UPDATE,
621b99f35f87e75f536613b1,UPDATE,
621b99f35f87e75f536613b5,UPDATE,
621b99f35f87e75f536613b9,UPDATE,
621b99f35f87e75f536613bd,UPDATE,
621b99f35f87e75f536613c1,UPDATE,
621b99f35f87e75f536613c5,UPDATE,
621b99f35f87e75f536613c9,UPDATE,
621b99f35f87e75f536613cd,UPDATE,
621b99f35f87e75f536613d1,UPDATE,
621b99f35f87e75f536613d5,UPDATE,
621b99f35f87e75f536613e1,UPDATE,
621b99f35f87e75f536613e9,UPDATE,
621b99f35f87e75f536613ed,UPDATE,
621b99f35f87e75f536613f1,UPDATE,
621b99f35f87e75f536613f5,UPDATE,
621b99f35f87e75f536613f9,UPDATE,
621b99f35f87e75f536613fd,UPDATE,
621b99f35f87e75f53661401,UPDATE,
621b99f35f87e75f53661405,UPDATE,
621b99f35f87e75f53661409,UPDATE,
621b99f35f87e75f5366140d,UPDATE,
621b99f35f87e75f53661415,UPDATE,
621b99f35f87e75f53661419,UPDATE,
621b99f35f87e75f5366141d,UPDATE,
621b99f35f87e75f53661421,UPDATE,
621b99f35f87e75f53661425,UPDATE,
621b99f35f87e75f53661429,UPDATE,
621b99f35f87e75f5366142d,UPDATE,
621b99f35f87e75f53661431,UPDATE,
621b99f35f87e75f53661435,UPDATE,
621b99f45f87e75f53661439,UPDATE,
621b99f45f87e75f5366143d,UPDATE,
621b99f45f87e75f53661441,UPDATE,
621b99f45f87e75f53661445,UPDATE,
621b99f45f87e75f53661449,UPDATE,
621b99f45f87e75f5366144d,UPDATE,
621b99f45f87e75f53661451,UPDATE,
621b99f45f87e75f53661455,UPDATE,
621b99f45f87e75f53661459,UPDATE,
621b99f45f87e75f5366145d,UPDATE,
621b99f45f87e75f53661461,UPDATE,
621b99f45f87e75f53661465,UPDATE,
621b99f45f87e75f53661469,UPDATE,
621b99f45f87e75f5366146d,UPDATE,
621b99f45f87e75f53661471,UPDATE,
621b99f45f87e75f53661475,UPDATE,
621b99f45f87e75f53661479,UPDATE,
621b99f45f87e75f5366147d,UPDATE,
621b99f45f87e75f53661481,UPDATE,
621b99f45f87e75f53661485,UPDATE,
621b99f45f87e75f53661489,UPDATE,
621b99f45f87e75f5366148d,UPDATE,
621b99f45f87e75f53661491,UPDATE,
621b99f45f87e75f53661495,UPDATE,
621b99f45f87e75f53661499,UPDATE,
621b99f45f87e75f5366149d,UPDATE,
621b99f45f87e75f536614c5,UPDATE,
621b99f45f87e75f536614c9,UPDATE,
621b99f55f87e75f536614cd,UPDATE,
621b99f55f87e75f536614d1,UPDATE,
621b99f55f87e75f536614d5,UPDATE,
621b99f55f87e75f536614dd,UPDATE,
621b99f55f87e75f536614e1,UPDATE,
621b99f55f87e75f536614e5,UPDATE,
621b99f55f87e75f536614ed,UPDATE,
621b99f55f87e75f5366150d,UPDATE,
621b99f55f87e75f5366151d,UPDATE,
621b99f55f87e75f53661521,UPDATE,
621b99f65f87e75f53661565,UPDATE,
621b99f65f87e75f5366156d,UPDATE,
621b99f65f87e75f53661571,UPDATE,
621b99f65f87e75f53661575,UPDATE,
621b99f65f87e75f53661579,UPDATE,
621b99f65f87e75f5366157d,UPDATE,
621b99f65f87e75f53661581,UPDATE,
621b99f65f87e75f53661585,UPDATE,
621b99f65f87e75f53661589,UPDATE,
621b99f65f87e75f5366158d,UPDATE,
621b99f65f87e75f53661591,UPDATE,
621b99f65f87e75f53661595,UPDATE,
621b99f65f87e75f53661599,UPDATE,
621b99f65f87e75f536615a1,UPDATE,
621b99f65f87e75f536615a5,UPDATE,
621b99f65f87e75f536615a9,UPDATE,
621b99f65f87e75f536615ad,UPDATE,
621b99f65f87e75f536615b1,UPDATE,
621b99f65f87e75f536615b5,UPDATE,
621b99f65f87e75f536615bd,UPDATE,
621b99f65f87e75f536615c1,UPDATE,
621b99f65f87e75f536615c5,UPDATE,
621b99f65f87e75f536615c9,UPDATE,
621b99f65f87e75f536615cd,UPDATE,
621b99f65f87e75f536615d1,UPDATE,
621b99f65f87e75f536615d5,UPDATE,
621b99f65f87e75f536615d9,UPDATE,
621b99f65f87e75f536615dd,UPDATE,
621b99f65f87e75f536615e1,UPDATE,
621b99f65f87e75f536615e5,UPDATE,
621b99f65f87e75f536615e9,UPDATE,
621b99f65f87e75f536615ed,UPDATE,
621b99f75f87e75f536615f1,UPDATE,
621b99f75f87e75f536615f5,UPDATE,
621b99f75f87e75f536615f9,UPDATE,
621b99f75f87e75f53661601,UPDATE,
621b99f75f87e75f53661605,UPDATE,
621b99f75f87e75f53661609,UPDATE,
621b99f75f87e75f5366160d,UPDATE,
621b99f75f87e75f53661621,UPDATE,
621b99f75f87e75f53661625,UPDATE,
621b99f75f87e75f5366162d,UPDATE,
621b99f75f87e75f53661639,UPDATE,
621b99f75f87e75f53661641,UPDATE,https://www.rfideas.com
621b99f75f87e75f53661645,UPDATE,
621b99f75f87e75f53661649,UPDATE,
621b99f75f87e75f5366164d,UPDATE,
621b99f75f87e75f53661651,UPDATE,
621b99f75f87e75f53661659,UPDATE,
621b99f75f87e75f5366165d,UPDATE,
621b99f75f87e75f53661679,UPDATE,
621b99f75f87e75f5366167d,UPDATE,
621b99f75f87e75f53661681,UPDATE,
621b99f85f87e75f536616a1,UPDATE,
621b99f85f87e75f536616a5,UPDATE,
621b99f85f87e75f536616c5,UPDATE,
621b99f85f87e75f536616dd,UPDATE,
621b99f85f87e75f536616f1,UPDATE,
624c69731ccf825229d24a81,UPDATE,
624c69731ccf825229d24aab,UPDATE,
624c69731ccf825229d24ad2,UPDATE,
624c69731ccf825229d24aed,UPDATE,
624c69741ccf825229d24b4d,UPDATE,
624c69741ccf825229d24b50,UPDATE,
624c69751ccf825229d24b8c,UPDATE,
624c69751ccf825229d24bbf,UPDATE,
624c69751ccf825229d24bd4,UPDATE,
624c69751ccf825229d24bda,UPDATE,
624c69751ccf825229d24be6,UPDATE,
624c69761ccf825229d24c01,UPDATE,
624c69761ccf825229d24c04,UPDATE,
624c69761ccf825229d24c1f,UPDATE,
624c69761ccf825229d24c37,UPDATE,
624c69761ccf825229d24c40,UPDATE,
624c69761ccf825229d24c52,UPDATE,
624c69761ccf825229d24c5b,UPDATE,
624c69761ccf825229d24c67,UPDATE,
624c69761ccf825229d24c6d,UPDATE,
624c69771ccf825229d24ca3,UPDATE,
624c69771ccf825229d24ca6,UPDATE,
624c69771ccf825229d24cbe,UPDATE,
624c69771ccf825229d24cdf,UPDATE,
624c69781ccf825229d24cf1,UPDATE,
624c69781ccf825229d24cfd,UPDATE,
624c69781ccf825229d24d00,UPDATE,
624c69781ccf825229d24d18,UPDATE,
624c69791ccf825229d24dcf,UPDATE,https://www.thermofisher.com
624c69791ccf825229d24de4,UPDATE,
624c697a1ccf825229d24df3,UPDATE,
624c697a1ccf825229d24e3b,UPDATE,
624c697a1ccf825229d24e5f,UPDATE,
624c697b1ccf825229d24e89,UPDATE,
624c697b1ccf825229d24e98,UPDATE,
624c697b1ccf825229d24eaa,UPDATE,
624c697b1ccf825229d24ead,UPDATE,
624c697b1ccf825229d24eb0,UPDATE,
624c697b1ccf825229d24eb9,UPDATE,
624c697b1ccf825229d24ec5,UPDATE,
624c697b1ccf825229d24ed4,UPDATE,
624c697b1ccf825229d24ee0,UPDATE,
624c697b1ccf825229d24ee3,UPDATE,
624c697c1ccf825229d24eec,UPDATE,
624c697c1ccf825229d24efb,UPDATE,
624c697c1ccf825229d24f01,UPDATE,
624c697c1ccf825229d24f0d,UPDATE,
624c697c1ccf825229d24f13,UPDATE,
624c697c1ccf825229d24f25,UPDATE,
624c697c1ccf825229d24f28,UPDATE,https://www.duracell.com
624c697c1ccf825229d24f34,UPDATE,
624c697c1ccf825229d24f4f,UPDATE,https://www.deere.com
624c697c1ccf825229d24f55,UPDATE,
624c697c1ccf825229d24f61,UPDATE,
624c697c1ccf825229d24f64,UPDATE,
624c697d1ccf825229d24f70,UPDATE,
624c697d1ccf825229d24f79,UPDATE,
624c697d1ccf825229d24f85,UPDATE,
624c697d1ccf825229d24f8e,UPDATE,https://www.bio-bean.com
62deed637b212526d1e01014,UPDATE,https://www.abercrombie.com
62deed637b212526d1e0101b,UPDATE,
62deed637b212526d1e01021,UPDATE,https://threadfast.com
62deed797b212526d1e01252,UPDATE,https://www.jubileeleavenworth.com
62deed8f7b212526d1e015bc,UPDATE,https://www.adidas.com
62deed907b212526d1e015c2,UPDATE,https://www.mec.ca
62deed907b212526d1e015c8,UPDATE,https://www.kathmanduoutdoor.com
62deed907b212526d1e015d0,UPDATE,
62deed907b212526d1e015d6,UPDATE,
62deed917b212526d1e015dc,UPDATE,
62deed917b212526d1e015e1,UPDATE,
62deed917b212526d1e015e7,UPDATE,https://www.patagonia.com
62deed917b212526d1e015f0,UPDATE,
62deed917b212526d1e015f6,UPDATE,https://www.burton.com
62deed967b212526d1e016a7,UPDATE,https://bostonmints.com
62deed9e7b212526d1e017bc,UPDATE,https://medicinemamasapothecary.com
62deedb67b212526d1e01b62,UPDATE,https://angelacaglia.com
62deedb87b212526d1e01b9c,UPDATE,https://us.nyrorganic.com
62deedbd7b212526d1e01c14,UPDATE,https://lilahbeauty.com
62deedc27b212526d1e01cab,UPDATE,https://ca.nassanicosmetics.com
62deedcb7b212526d1e01dee,UPDATE,https://www.bulldogskincare.com
62deee6c7b212526d1e02241,UPDATE,https://www.devacurl.com
62deee6c7b212526d1e02246,UPDATE,https://www.echoclean.ca
62deee6f7b212526d1e0226f,UPDATE,https://www.jhirmack.com
62deee777b212526d1e02381,UPDATE,https://purechemistrylingerie.com
62deee7e7b212526d1e0245f,UPDATE,https://afterworldorganics.com
62deee947b212526d1e02740,UPDATE,https://www.planetinc.com
62deee947b212526d1e0276b,UPDATE,https://www.earthdye.com
62deeea47b212526d1e02a61,UPDATE,https://www.gemline.com/s/rume
62deeeab7b212526d1e02bd3,UPDATE,https://www.vetiversolutions.org
62deeeb87b212526d1e02e6e,UPDATE,https://www.blivelybeauty.com
62deeec97b212526d1e03194,UPDATE,https://www.hollisterco.com
62deeec97b212526d1e0319a,UPDATE,
62deeeca7b212526d1e031a0,UPDATE,
62deeee37b212526d1e037d5,UPDATE,https://theperfectgranola.com
62deeee47b212526d1e03888,UPDATE,https://zipmydress.com
62deeeec7b212526d1e0399b,UPDATE,https://www.edlong.com
62deeef87b212526d1e03ae2,UPDATE,https://www.newwavefoods.com
62deeefc7b212526d1e03b6d,UPDATE,https://www.prinovausa.com
62deef097b212526d1e03cb2,UPDATE,https://www.babybel.com
62deef0d7b212526d1e03cf2,UPDATE,https://www.greenleaffoods.com
62deef0d7b212526d1e03cf7,UPDATE,
62deef247b212526d1e040b5,UPDATE,https://truebeancoffee.com
62deef2a7b212526d1e04196,UPDATE,https://biyuu.mx
62deef337b212526d1e04270,UPDATE,https://www.studioliaigre.com
62deef387b212526d1e042fc,UPDATE,https://nordicknots.com
62deef3d7b212526d1e043ac,UPDATE,https://www.lindex.com
62deef3f7b212526d1e043d5,UPDATE,https://www.bodenusa.com
62deef3f7b212526d1e043db,UPDATE,https://www.cedstone.co.uk
62deef3f7b212526d1e043e2,UPDATE,
62deef407b212526d1e043f1,UPDATE,
62deef407b212526d1e043f7,UPDATE,
62deef407b212526d1e043fd,UPDATE,https://www.finlays.net
62deef407b212526d1e04404,UPDATE,
62deef417b212526d1e04409,UPDATE,
62deef427b212526d1e04415,UPDATE,
62deef437b212526d1e04421,UPDATE,
62deef437b212526d1e04427,UPDATE,https://www.inditex.com
62deef447b212526d1e0442d,UPDATE,
62deef447b212526d1e04432,UPDATE,https://www.kappahl.com
62deef457b212526d1e04438,UPDATE,
62deef457b212526d1e0443e,UPDATE,
62deef457b212526d1e04443,UPDATE,
62deef457b212526d1e04449,UPDATE,
62deef467b212526d1e0444f,UPDATE,
62deef467b212526d1e04454,UPDATE,
62deef467b212526d1e0445a,UPDATE,
62deef467b212526d1e04461,UPDATE,
62deef467b212526d1e04466,UPDATE,
62deef477b212526d1e0446c,UPDATE,
62deef477b212526d1e04472,UPDATE,
62deef477b212526d1e04477,UPDATE,
62deef477b212526d1e0447d,UPDATE,
62deef487b212526d1e04482,UPDATE,
62deef487b212526d1e04488,UPDATE,
62deef487b212526d1e0448d,UPDATE,
62deef497b212526d1e04493,UPDATE,https://www.primark.com
62deef497b212526d1e04499,UPDATE,
62deef497b212526d1e0449e,UPDATE,
62deef497b212526d1e044a4,UPDATE,https://www.riverisland.com
62deef497b212526d1e044aa,UPDATE,
62deef497b212526d1e044b0,UPDATE,
62deef497b212526d1e044b5,UPDATE,
62deef4a7b212526d1e044bb,UPDATE,
62deef4a7b212526d1e044c1,UPDATE,
62deef4b7b212526d1e044c6,UPDATE,https://www.stellamccartney.com
62deef4b7b212526d1e044cc,UPDATE,https://www.superdry.com
62deef4b7b212526d1e044d2,UPDATE,
62deef4c7b212526d1e044d8,UPDATE,
62deef4c7b212526d1e044dc,UPDATE,
62deef4d7b212526d1e044e2,UPDATE,https://www.thebodyshop.com
62deef4d7b212526d1e044eb,UPDATE,
62deef4d7b212526d1e044f1,UPDATE,
62deef4d7b212526d1e044f5,UPDATE,https://www.thewhitecompany.com
62deef4e7b212526d1e044fb,UPDATE,
62deef4e7b212526d1e04501,UPDATE,
62deef4e7b212526d1e04507,UPDATE,
62deef4e7b212526d1e0450d,UPDATE,
62deef4e7b212526d1e04512,UPDATE,
62deef4f7b212526d1e04518,UPDATE,
62deef4f7b212526d1e0451d,UPDATE,
62deef507b212526d1e04523,UPDATE,
62deef517b212526d1e04529,UPDATE,
62deef517b212526d1e0452f,UPDATE,https://www.kangaroos.com
62deef517b212526d1e04535,UPDATE,
62deef517b212526d1e0453a,UPDATE,
62deef517b212526d1e04540,UPDATE,
62deef527b212526d1e04546,UPDATE,
62deef527b212526d1e0454c,UPDATE,
62deef527b212526d1e04552,UPDATE,
62deef527b212526d1e04558,UPDATE,
62deef527b212526d1e0455e,UPDATE,
62deef537b212526d1e04564,UPDATE,
62deef537b212526d1e0456a,UPDATE,
62deef537b212526d1e04570,UPDATE,
62deef537b212526d1e04575,UPDATE,https://www.traderjoes.com
62deef537b212526d1e0457a,UPDATE,
62deef537b212526d1e04580,UPDATE,https://www.aldoshoes.com
62deef547b212526d1e04586,UPDATE,https://www.callitspring.com
62deef547b212526d1e0458c,UPDATE,https://www.globoshoes.com
62deef567b212526d1e045bc,UPDATE,https://www.bentleymotors.com
62deefae7b212526d1e0470f,UPDATE,https://www.lancel.com
62deefae7b212526d1e04715,UPDATE,
62deefae7b212526d1e0471b,UPDATE,
62deefaf7b212526d1e04721,UPDATE,
62deefaf7b212526d1e04727,UPDATE,
62deefaf7b212526d1e0472d,UPDATE,
62deefb07b212526d1e04733,UPDATE,
62deeff77b212526d1e04739,UPDATE,
62deeff77b212526d1e0473f,UPDATE,
62deeff87b212526d1e0474a,UPDATE,
62deeff87b212526d1e0474f,UPDATE,
62deeff87b212526d1e04755,UPDATE,
62deeff87b212526d1e0475b,UPDATE,
62deeff97b212526d1e04766,UPDATE,https://www.pikolinos.com
62deeff97b212526d1e0476c,UPDATE,
62deeffa7b212526d1e04777,UPDATE,
62deeffa7b212526d1e0477d,UPDATE,
62deeffa7b212526d1e04782,UPDATE,https://www.sezane.com
62deeffa7b212526d1e04788,UPDATE,
62deeffa7b212526d1e0478e,UPDATE,
62deeffb7b212526d1e04794,UPDATE,
62deeffb7b212526d1e0479a,UPDATE,
62deeffb7b212526d1e047a6,UPDATE,https://www.thebridge.it
62deeffb7b212526d1e047ac,UPDATE,
62deeffc7b212526d1e047b2,UPDATE,
62deeffc7b212526d1e047b8,UPDATE,
62deeffc7b212526d1e047be,UPDATE,
62deeffc7b212526d1e047c4,UPDATE,
62deeffd7b212526d1e047ca,UPDATE,
62deeffd7b212526d1e047d0,UPDATE,https://www.vagabond.com
62deeffd7b212526d1e047d6,UPDATE,
62deeffe7b212526d1e047dc,UPDATE,
62deeffe7b212526d1e047e2,UPDATE,
62deeffe7b212526d1e047e7,UPDATE,
62deefff7b212526d1e047ec,UPDATE,
62deefff7b212526d1e047f2,UPDATE,
62deefff7b212526d1e047f8,UPDATE,
62deefff7b212526d1e047fe,UPDATE,https://www.tagheuer.com
62deefff7b212526d1e04803,UPDATE,
62deefff7b212526d1e04809,UPDATE,https://www.bulgari.com
62deefff7b212526d1e0480f,UPDATE,https://www.fred.com
62deefff7b212526d1e04815,UPDATE,
62deefff7b212526d1e0481b,UPDATE,
62deefff7b212526d1e04821,UPDATE,
62def0007b212526d1e04827,UPDATE,
62def0007b212526d1e0482d,UPDATE,https://www.givenchy.com
62def0007b212526d1e04833,UPDATE,https://www.emiliopucci.com
62def0017b212526d1e04839,UPDATE,
62def0017b212526d1e0483f,UPDATE,https://www.celine.com
62def0017b212526d1e04845,UPDATE,https://us.loropiana.com
62def0027b212526d1e0484b,UPDATE,https://www.fendi.com
62def0027b212526d1e04851,UPDATE,
62def0027b212526d1e04857,UPDATE,
62def0027b212526d1e0485d,UPDATE,https://www.berluti.com
62def0027b212526d1e04863,UPDATE,
62def0027b212526d1e0486f,UPDATE,https://www.loewe.com
62def0037b212526d1e04875,UPDATE,
62def0037b212526d1e0487b,UPDATE,
62def0037b212526d1e04881,UPDATE,https://www.lambrays.com
62def0037b212526d1e04887,UPDATE,
62def0037b212526d1e0488d,UPDATE,https://www.domperignon.com
62def0037b212526d1e04893,UPDATE,https://www.ruinart.com
62def0047b212526d1e04899,UPDATE,https://www.moet.com
62def0047b212526d1e0489f,UPDATE,https://www.hennessy.com
62def0047b212526d1e048a5,UPDATE,https://www.veuveclicquot.com
62def0057b212526d1e048ab,UPDATE,https://www.ardbeg.com
62def0057b212526d1e048b1,UPDATE,https://www.chateau-cheval-blanc.com
62def0057b212526d1e048b7,UPDATE,https://www.glenmorangie.com
62def0057b212526d1e048bd,UPDATE,
62def0067b212526d1e048c3,UPDATE,https://www.champagnemercier.com
62def0067b212526d1e048c9,UPDATE,
62def0067b212526d1e048cf,UPDATE,
62def0077b212526d1e048d5,UPDATE,
62def0077b212526d1e048db,UPDATE,
62def0077b212526d1e048e1,UPDATE,https://www.terrazasdelosandes.com
62def0077b212526d1e048e7,UPDATE,
62def0077b212526d1e048ed,UPDATE,
62def0077b212526d1e048f3,UPDATE,
62def0087b212526d1e048fb,UPDATE,
62def0087b212526d1e04901,UPDATE,https://www.clos19.com
62def0087b212526d1e04907,UPDATE,
62def0097b212526d1e0490d,UPDATE,
62def0097b212526d1e04915,UPDATE,https://www.guerlain.com
62def0097b212526d1e0491e,UPDATE,https://www.acquadiparma.com
62def00a7b212526d1e04924,UPDATE,https://www.dior.com
62def00a7b212526d1e04929,UPDATE,https://www.perfumesloewe.com
62def00a7b212526d1e0492e,UPDATE,
62def00b7b212526d1e04936,UPDATE,
62def00b7b212526d1e0493c,UPDATE,https://www.kenzoparfums.com
62def00f7b212526d1e049a8,UPDATE,https://www.blackmountainchocolate.com
62def00f7b212526d1e049ae,UPDATE,
62def00f7b212526d1e049b4,UPDATE,
62def0107b212526d1e049ba,UPDATE,https://www.caribeanschocolate.com
62def0107b212526d1e049c0,UPDATE,
62def0107b212526d1e049c6,UPDATE,https://www.choklat.com
62def0107b212526d1e049cc,UPDATE,
62def0117b212526d1e049d2,UPDATE,
62def0117b212526d1e049d8,UPDATE,
62def0117b212526d1e049de,UPDATE,https://chocolatecartel.com
62def0117b212526d1e049e4,UPDATE,https://chocolatceleste.com
62def0117b212526d1e049ea,UPDATE,https://www.choctree.co.uk
62def0127b212526d1e049f0,UPDATE,
62def0127b212526d1e049f6,UPDATE,
62def0127b212526d1e049fc,UPDATE,
62def0127b212526d1e04a02,UPDATE,https://www.conexionchocolate.com
62def0127b212526d1e04a08,UPDATE,
62def0127b212526d1e04a11,UPDATE,
62def0127b212526d1e04a17,UPDATE,
62def0127b212526d1e04a1d,UPDATE,https://www.denmanislandchocolate.com
62def0127b212526d1e04a23,UPDATE,
62def0127b212526d1e04a2c,UPDATE,
62def0137b212526d1e04a38,UPDATE,
62def0137b212526d1e04a3e,UPDATE,https://www.eatyourhat.com
62def0137b212526d1e04a44,UPDATE,
62def0137b212526d1e04a4a,UPDATE,
62def0137b212526d1e04a50,UPDATE,
62def0137b212526d1e04a56,UPDATE,https://endorfinfoods.com
62def0137b212526d1e04a5c,UPDATE,
62def0147b212526d1e04a62,UPDATE,
62def0147b212526d1e04a68,UPDATE,
62def0157b212526d1e04a6e,UPDATE,
62def0157b212526d1e04a74,UPDATE,
62def0157b212526d1e04a7a,UPDATE,https://www.forevercacao.co.uk
62def0157b212526d1e04a80,UPDATE,
62def0157b212526d1e04a86,UPDATE,
62def0157b212526d1e04a8c,UPDATE,
62def0157b212526d1e04a92,UPDATE,https://www.gepa.de
62def0167b212526d1e04ab2,UPDATE,https://www.habitualchocolate.com
62def01e7b212526d1e04b54,UPDATE,https://www.montevergine.com
62def01f7b212526d1e04b5a,UPDATE,https://www.montezumas.co.uk
62def01f7b212526d1e04b66,UPDATE,
62def0207b212526d1e04b6c,UPDATE,https://obolochocolate.cl
62def0207b212526d1e04b72,UPDATE,https://www.omanhene.com
62def0207b212526d1e04b78,UPDATE,
62def0207b212526d1e04b7e,UPDATE,
62def0207b212526d1e04b84,UPDATE,https://www.ohcf.us
62def0217b212526d1e04b8a,UPDATE,https://www.pacari.com
62def0217b212526d1e04b90,UPDATE,
62def0217b212526d1e04b96,UPDATE,https://parrechocolat.com
62def0227b212526d1e04bae,UPDATE,https://patric-chocolate.com
62def0237b212526d1e04bd8,UPDATE,https://www.rapunzel.de
62def0257b212526d1e04c08,UPDATE,https://www.shamanchocolates.com
62def0257b212526d1e04c38,UPDATE,https://tcho.com
62def0267b212526d1e04c4a,UPDATE,https://www.theoriginalchocolatebar.com
62def0277b212526d1e04c79,UPDATE,https://vivani.de
62def0277b212526d1e04c7f,UPDATE,https://www.vosgeschocolate.com
62def0277b212526d1e04c85,UPDATE,https://weiofchocolate.com
62def0337b212526d1e04dfb,UPDATE,https://shopgoodweekend.com
62def0fa7b212526d1e05954,UPDATE,https://purposemart.com
62def1027b212526d1e05a0b,UPDATE,https://www.wilson.com
62def1027b212526d1e05a10,UPDATE,https://www.barilla.com
62def1027b212526d1e05a15,UPDATE,
62def1037b212526d1e05a1a,UPDATE,
62def1037b212526d1e05a20,UPDATE,
62def1037b212526d1e05a26,UPDATE,
62def1037b212526d1e05a2b,UPDATE,
62def1037b212526d1e05a30,UPDATE,
62def1047b212526d1e05a35,UPDATE,
62def1047b212526d1e05a39,UPDATE,https://www.saputo.com
62def1047b212526d1e05a3f,UPDATE,
62def1057b212526d1e05a49,UPDATE,
62def1057b212526d1e05a4f,UPDATE,
62def1057b212526d1e05a53,UPDATE,https://www.shure.com
62def1057b212526d1e05a57,UPDATE,
62def1067b212526d1e05a61,UPDATE,
62def1067b212526d1e05a65,UPDATE,https://www.spinmaster.com
62def1067b212526d1e05a6a,UPDATE,https://www.kao.com
62def1067b212526d1e05a6e,UPDATE,
62def1077b212526d1e05a73,UPDATE,https://www.oceanspray.com
62def1077b212526d1e05a78,UPDATE,
62def1077b212526d1e05a7e,UPDATE,
62def1077b212526d1e05a83,UPDATE,
62def1087b212526d1e05a88,UPDATE,
62def1087b212526d1e05a8d,UPDATE,
62def1097b212526d1e05a92,UPDATE,
62def1097b212526d1e05a97,UPDATE,
62def1097b212526d1e05aa1,UPDATE,
62def1097b212526d1e05aa6,UPDATE,
62def10a7b212526d1e05ab0,UPDATE,https://www.youngliving.com
62def10a7b212526d1e05ab8,UPDATE,
62def10a7b212526d1e05ac2,UPDATE,https://www.kinder.com
62def1147b212526d1e05bf5,UPDATE,https://alimentstristan.com
62def1157b212526d1e05c24,UPDATE,https://www.burnbraefarms.com
62def1197b212526d1e05ccb,UPDATE,https://karitedelapointe.com
62def11b7b212526d1e05d1c,UPDATE,https://www.martin-bauer-group.com
62def1227b212526d1e05eb2,UPDATE,https://www.unitedcocoa.com
62def1227b212526d1e05ebd,UPDATE,
62def1227b212526d1e05ec1,UPDATE,https://www.naturespath.com
62def1247b212526d1e05f2b,UPDATE,
62def1247b212526d1e05f31,UPDATE,https://camellia-sinensis.com
62def1257b212526d1e05f37,UPDATE,
62def1257b212526d1e05f3d,UPDATE,
62def1257b212526d1e05f47,UPDATE,https://chococentral.com
62def1257b212526d1e05f4d,UPDATE,
62def1257b212526d1e05f52,UPDATE,https://www.mitsui.com
62def1257b212526d1e05f5b,UPDATE,https://www.buencafe.com
62def1257b212526d1e05f6d,UPDATE,https://www.dammann.fr
62def1267b212526d1e05f91,UPDATE,https://www.rgccoffee.com
62def1297b212526d1e05ff1,UPDATE,https://www.cafenapoleon.com
62def12e7b212526d1e0614d,UPDATE,https://cafehubertsaintjean.ca
62def1307b212526d1e061be,UPDATE,https://www.barry-callebaut.com
62def1327b212526d1e061fd,UPDATE,https://chocomotive.ca
62def1327b212526d1e06215,UPDATE,https://galerieauchocolat.ca
62def1337b212526d1e0628a,UPDATE,https://www.puratos.ca
62def13e7b212526d1e063ec,UPDATE,https://supremeegg.com
62def13f7b212526d1e06424,UPDATE,https://www.janushenderson.com
62def13f7b212526d1e0642a,UPDATE,https://www.cognizant.com
62def1447b212526d1e064c0,UPDATE,https://envistaco.com
62def1467b212526d1e06515,UPDATE,https://www.siteone.com
62def1577b212526d1e066e6,UPDATE,https://www.theunconnected.org
62def1947b212526d1e06eb0,UPDATE,https://www.kinandcarta.com
62def1a97b212526d1e07192,UPDATE,https://roadhousebrewery.com
62def1b17b212526d1e072a1,UPDATE,https://brunathelabel.com
62def1b27b212526d1e072a6,UPDATE,
62def1b27b212526d1e072ab,UPDATE,
62def1b27b212526d1e072b0,UPDATE,
62def1b27b212526d1e072b6,UPDATE,
62def1b27b212526d1e072bc,UPDATE,
62def1b27b212526d1e072c1,UPDATE,
62def1b27b212526d1e072c6,UPDATE,https://www.panoramacycles.com
62def1b27b212526d1e072cb,UPDATE,https://www.deptagency.com
62def2077b212526d1e0741d,UPDATE,https://empresas.lapieza.io
62def2077b212526d1e07421,UPDATE,
62def2077b212526d1e07426,UPDATE,
62def2087b212526d1e0742c,UPDATE,
62def2087b212526d1e07431,UPDATE,
62def2087b212526d1e07435,UPDATE,https://norragency.com
62def2087b212526d1e0743a,UPDATE,
62def2087b212526d1e0743f,UPDATE,
62def2087b212526d1e07444,UPDATE,
62def2097b212526d1e0744a,UPDATE,https://xcosports.com
62def2177b212526d1e07583,UPDATE,https://order.subway.com
62def2207b212526d1e07615,UPDATE,https://nutmeg.morrisons.com
62def2207b212526d1e0761c,UPDATE,
62def2217b212526d1e07627,UPDATE,
62def2217b212526d1e0762d,UPDATE,
62def2217b212526d1e07632,UPDATE,
62def2217b212526d1e0763b,UPDATE,
62def2217b212526d1e07641,UPDATE,https://www.seraphine.com
62def2227b212526d1e07648,UPDATE,
62def2227b212526d1e0764e,UPDATE,
62def2227b212526d1e07652,UPDATE,
62def2227b212526d1e07657,UPDATE,
62def2237b212526d1e07664,UPDATE,
62def2237b212526d1e0766a,UPDATE,
62def2237b212526d1e0766f,UPDATE,https://www.urbanoutfitters.com
62def2237b212526d1e07675,UPDATE,
62def2247b212526d1e0767b,UPDATE,
62def2247b212526d1e07681,UPDATE,
62def2257b212526d1e07686,UPDATE,https://www.redhat.com
62def2257b212526d1e0768c,UPDATE,https://www.medidata.com
62def2257b212526d1e07694,UPDATE,https://www.duke-energy.com
62def2257b212526d1e0769b,UPDATE,
62def2267b212526d1e076a0,UPDATE,
62def22a7b212526d1e076b5,UPDATE,
62def22a7b212526d1e076ba,UPDATE,https://www.alston.com
62def22b7b212526d1e076bf,UPDATE,
62def22b7b212526d1e076c5,UPDATE,https://www.societegenerale.com
62def22b7b212526d1e076cb,UPDATE,
62def22c7b212526d1e076cf,UPDATE,https://www.pitneybowes.com
62def22c7b212526d1e076da,UPDATE,
62def22d7b212526d1e076df,UPDATE,
62def22d7b212526d1e076e5,UPDATE,https://www.pimco.com
62def22d7b212526d1e076eb,UPDATE,
62def22e7b212526d1e076f0,UPDATE,
62def22e7b212526d1e076fa,UPDATE,
62def22e7b212526d1e07704,UPDATE,https://saatchi.com
62def22f7b212526d1e07714,UPDATE,
62def22f7b212526d1e0771b,UPDATE,
62def22f7b212526d1e07720,UPDATE,
62def22f7b212526d1e07725,UPDATE,
62def2307b212526d1e07731,UPDATE,
62def2307b212526d1e07736,UPDATE,https://www.pillsburylaw.com
62def2307b212526d1e0773f,UPDATE,
62def2317b212526d1e07744,UPDATE,
62def2317b212526d1e07749,UPDATE,
62def2317b212526d1e07750,UPDATE,
62def2317b212526d1e07755,UPDATE,https://www.libertymutualgroup.com
62def2377b212526d1e077dd,UPDATE,https://www.aig.com
62def2377b212526d1e077e2,UPDATE,https://www.cgi.com
62def2377b212526d1e077e8,UPDATE,https://www.sas.com
62def2387b212526d1e077ee,UPDATE,
62def2387b212526d1e077f6,UPDATE,
62def2397b212526d1e077fc,UPDATE,https://www.womblebonddickinson.com
62def2397b212526d1e07801,UPDATE,https://www.gtlaw.com
62def2397b212526d1e07806,UPDATE,
62def2397b212526d1e0780b,UPDATE,
62def23a7b212526d1e07810,UPDATE,
62def23a7b212526d1e07815,UPDATE,https://www.troweprice.com
62def23a7b212526d1e0781b,UPDATE,
62def23b7b212526d1e07820,UPDATE,
62def23b7b212526d1e07826,UPDATE,
62def23b7b212526d1e07830,UPDATE,
62def23c7b212526d1e0783b,UPDATE,
62def23c7b212526d1e07840,UPDATE,
62def23c7b212526d1e07847,UPDATE,
62def23c7b212526d1e0784b,UPDATE,
62def23d7b212526d1e0784f,UPDATE,
62def23d7b212526d1e07853,UPDATE,
62def23d7b212526d1e07858,UPDATE,
62def23d7b212526d1e0785d,UPDATE,
62def23e7b212526d1e07862,UPDATE,https://www.americangreetings.com
62def23e7b212526d1e0786d,UPDATE,https://www.nb.com
62def23e7b212526d1e07873,UPDATE,
62def23e7b212526d1e07878,UPDATE,
62def23e7b212526d1e0787d,UPDATE,
62def23f7b212526d1e07883,UPDATE,
62def23f7b212526d1e07889,UPDATE,
62def23f7b212526d1e0788d,UPDATE,
62def2407b212526d1e07892,UPDATE,
62def2407b212526d1e07898,UPDATE,https://www.arnoldporter.com
62def2407b212526d1e0789d,UPDATE,
62def2407b212526d1e078a2,UPDATE,https://nielseniq.com
62def2407b212526d1e078a8,UPDATE,
62def2417b212526d1e078ae,UPDATE,
62def2417b212526d1e078b3,UPDATE,
62def2417b212526d1e078b8,UPDATE,
62def2417b212526d1e078bd,UPDATE,
62def2427b212526d1e078c2,UPDATE,
62def2427b212526d1e078c9,UPDATE,
62def2427b212526d1e078ce,UPDATE,
62def2427b212526d1e078d3,UPDATE,https://www.milbank.com
62def2427b212526d1e078d8,UPDATE,https://www.subaru.com
62def2437b212526d1e078dc,UPDATE,
62def2437b212526d1e078e1,UPDATE,
62def2457b212526d1e078e5,UPDATE,
62def2457b212526d1e078eb,UPDATE,
62def2457b212526d1e078f0,UPDATE,https://www.perkinscoie.com
62def2467b212526d1e07911,UPDATE,https://www.abrdn.com
62def2477b212526d1e07917,UPDATE,
62def2477b212526d1e0791d,UPDATE,https://data.waddell.com
62def2477b212526d1e07921,UPDATE,
62def2477b212526d1e07926,UPDATE,https://www.kodak.com
62def2477b212526d1e0792e,UPDATE,https://www.lenovo.com
62def2477b212526d1e07936,UPDATE,
62def2487b212526d1e0793b,UPDATE,https://www.dlapiper.com
62def2487b212526d1e07940,UPDATE,
62def2487b212526d1e07945,UPDATE,https://www.squirepattonboggs.com
62def2497b212526d1e0794a,UPDATE,https://www.sunlife.com
62def2497b212526d1e0794f,UPDATE,https://www.rbi.com
62def2497b212526d1e07954,UPDATE,https://www.bbh.com
62def2497b212526d1e0795a,UPDATE,
62def2497b212526d1e07960,UPDATE,https://www.johnhancock.com
62def2497b212526d1e0796a,UPDATE,https://www.sie.com
62def24a7b212526d1e07970,UPDATE,
62def24a7b212526d1e07975,UPDATE,https://www.bp.com
62def24a7b212526d1e07979,UPDATE,https://www.capgemini.com
62def24b7b212526d1e07984,UPDATE,https://www.amexglobalbusinesstravel.com
62def24d7b212526d1e079c3,UPDATE,https://www.lexmark.com
62def2557b212526d1e07a5b,UPDATE,https://www.techdata.com
62def2557b212526d1e07a66,UPDATE,https://www.experian.com
62def2567b212526d1e07a6a,UPDATE,https://www.fujitsu.com
62def2577b212526d1e07a76,UPDATE,https://us.nttdata.com
62def25a7b212526d1e07aa3,UPDATE,https://www.cna.com
62def25a7b212526d1e07aad,UPDATE,https://www.highmarkbcbsde.com
62def25b7b212526d1e07abc,UPDATE,https://www.molsoncoors.com
62def25d7b212526d1e07ae7,UPDATE,https://www.diageo.com
62def25e7b212526d1e07afe,UPDATE,https://www.hyundaiusa.com
62def25e7b212526d1e07b0c,UPDATE,https://www.epsilon.com
62def25e7b212526d1e07b17,UPDATE,https://www.toyota.com
62def2607b212526d1e07b36,UPDATE,https://www.cooley.com
62def2607b212526d1e07b3b,UPDATE,https://www.finra.org
62def2627b212526d1e07b67,UPDATE,https://www.sidley.com
62def2647b212526d1e07b88,UPDATE,https://www.ropesgray.com
62def2697b212526d1e07bf3,UPDATE,https://www.hitachivantara.com
62def2697b212526d1e07bf9,UPDATE,
62def2697b212526d1e07bfe,UPDATE,https://www.highmarkbcbswv.com
62def2697b212526d1e07c03,UPDATE,
62def26a7b212526d1e07c0f,UPDATE,https://www.arcadis.com
62def26b7b212526d1e07c27,UPDATE,https://www.rbcwealthmanagement.com
62def26b7b212526d1e07c31,UPDATE,https://www.reedsmith.com
62def26b7b212526d1e07c36,UPDATE,https://www.bakermckenzie.com
62def26b7b212526d1e07c3b,UPDATE,https://www.steptoe.com
62def26d7b212526d1e07c4b,UPDATE,https://www.johnsonfinancialgroup.com
62def2707b212526d1e07c62,UPDATE,https://www.dentons.com
62def2707b212526d1e07c67,UPDATE,https://www.amfam.com
62def2717b212526d1e07c7b,UPDATE,https://www.mayerbrown.com
62def2767b212526d1e07cd6,UPDATE,https://www.spotify.com
62def2767b212526d1e07cdc,UPDATE,https://www.zara.com
62def2777b212526d1e07ce9,UPDATE,https://www.winston.com
62def2787b212526d1e07cf8,UPDATE,https://www.thomsonreuters.com
62def27b7b212526d1e07d3c,UPDATE,https://www.edwardjones.com
62def27c7b212526d1e07d63,UPDATE,https://www.beamsuntory.com
62def27f7b212526d1e07da2,UPDATE,https://www.credit-suisse.com
62def2807b212526d1e07dc2,UPDATE,https://www.foley.com
62def2827b212526d1e07de4,UPDATE,https://www.iriworldwide.com
62def2847b212526d1e07e02,UPDATE,https://www.ericsson.com
62def2867b212526d1e07e31,UPDATE,https://www.akingump.com
62def2867b212526d1e07e36,UPDATE,https://www.conduent.com
62def2867b212526d1e07e3c,UPDATE,https://www.riotgames.com
62def2877b212526d1e07e46,UPDATE,https://coopertire.com
62def2877b212526d1e07e4b,UPDATE,https://www.bbva.com
62def2897b212526d1e07e68,UPDATE,https://www.rbccm.com
62def28c7b212526d1e07e6c,UPDATE,https://www.wsgr.com
62def28c7b212526d1e07e7c,UPDATE,https://www.bcg.com
62def28d7b212526d1e07e91,UPDATE,https://www.akerman.com
62def28d7b212526d1e07e9c,UPDATE,https://www2.deloitte.com
62def28e7b212526d1e07eab,UPDATE,https://www.ey.com
62def28f7b212526d1e07eb9,UPDATE,https://shakeshack.com
62def2907b212526d1e07ecf,UPDATE,https://www.huntonak.com
62def2907b212526d1e07ed4,UPDATE,https://www.emdgroup.com
62def2917b212526d1e07ede,UPDATE,https://www.db.com
62def2917b212526d1e07ee9,UPDATE,https://www.kramerlevin.com
62def2917b212526d1e07eee,UPDATE,https://www.insight.com
62def2937b212526d1e07f0e,UPDATE,https://www.tdsecurities.com
62def2937b212526d1e07f18,UPDATE,https://www.nixonpeabody.com
62def2967b212526d1e07f59,UPDATE,https://www.bclplaw.com
62def2977b212526d1e07f7d,UPDATE,https://www.faegredrinker.com
62def2977b212526d1e07f82,UPDATE,https://www.finnegan.com
62def2987b212526d1e07f9a,UPDATE,https://www.hklaw.com
62def2997b212526d1e07fa4,UPDATE,https://www.intrado.com
62def29b7b212526d1e07fc2,UPDATE,https://www.lexisnexis.com
62def29c7b212526d1e07fd0,UPDATE,https://www.loeb.com
62def29d7b212526d1e07fd5,UPDATE,https://www.lordabbett.com
62def29d7b212526d1e07fe1,UPDATE,https://www.macquarie.com
62def29e7b212526d1e07fef,UPDATE,https://www.nortonrosefulbright.com
62def29e7b212526d1e08003,UPDATE,https://www.radissonhotels.com
62def2a17b212526d1e08029,UPDATE,https://www.td.com
62def2a27b212526d1e08040,UPDATE,https://www.wilmerhale.com
62def2ac7b212526d1e08139,UPDATE,https://www.richemont.com
62def3087b212526d1e08383,UPDATE,https://arabicacoffeeco.com
62def3187b212526d1e084ba,UPDATE,https://www.shearwatercoffeeroasters.com
62def3217b212526d1e08626,UPDATE,https://www.seafresh-group.com
62def3227b212526d1e0864d,UPDATE,https://www.ourfamilyfoods.com
62def3257b212526d1e086a6,UPDATE,https://riseupcoffee.com
62def3467b212526d1e08acb,UPDATE,https://www.burlapandbean.com
62def3587b212526d1e08ced,UPDATE,https://thealgonquin.com
62def3a27b212526d1e08d28,UPDATE,https://www.thebetterfish.com
62def3ad7b212526d1e08eb4,UPDATE,https://trufills.com
62def3b87b212526d1e08f79,UPDATE,https://www.pepco.com
62def3bc7b212526d1e08fbe,UPDATE,https://www.nationalgridus.com
62def3bd7b212526d1e08fca,UPDATE,https://www.ricoh-usa.com
62def3be7b212526d1e08fd9,UPDATE,https://www.masssave.com
62def3bf7b212526d1e08fe2,UPDATE,https://www.beko.com
62def3c47b212526d1e0906f,UPDATE,https://www.broan-nutone.com
62def3c57b212526d1e09086,UPDATE,https://globe-electric.com
62def3ca7b212526d1e090ce,UPDATE,https://www.aps.com
62def3ca7b212526d1e090d8,UPDATE,https://www.bosch-home.com
62def3cb7b212526d1e090ea,UPDATE,https://www.cenhud.com
62def3cc7b212526d1e09107,UPDATE,https://sensi.emerson.com
62def3ce7b212526d1e09155,UPDATE,https://www.oru.com
62def3d57b212526d1e09380,UPDATE,https://www.thewellpennies.com
62def3d67b212526d1e093d9,UPDATE,https://minnbox.com
62def3e27b212526d1e098e2,UPDATE,https://www.ripple.vodka
62def3ea7b212526d1e09d45,UPDATE,https://www.veronneau.com
62def3ea7b212526d1e09d55,UPDATE,https://30secondexplainervideos.com
62def3eb7b212526d1e09df7,UPDATE,https://chargehub.com
62def3eb7b212526d1e09dfe,UPDATE,https://www.dedicatedbrand.com
62def3ec7b212526d1e09ff5,UPDATE,https://www.beflamboyant.com
62def3ec7b212526d1e0a037,UPDATE,https://www.arolaborganic.com
62def3ec7b212526d1e0a03d,UPDATE,https://www.searchlaboratory.com
62def3ed7b212526d1e0a0bd,UPDATE,https://www.ostendis.com
62def3ee7b212526d1e0a141,UPDATE,https://www.jewelosco.com
62def3ee7b212526d1e0a14b,UPDATE,https://www.luckylowprices.com
62def3ee7b212526d1e0a169,UPDATE,https://www.starmarket.com
62def3f17b212526d1e0a1e1,UPDATE,https://www.olivegarden.com
62def3f17b212526d1e0a1e6,UPDATE,https://www.longhornsteakhouse.com
62def3f27b212526d1e0a1eb,UPDATE,https://www.cheddars.com
62def3f27b212526d1e0a1f0,UPDATE,https://www.yardhouse.com
62def3f27b212526d1e0a1f5,UPDATE,https://www.thecapitalgrille.com
62def3f27b212526d1e0a1fa,UPDATE,https://www.seasons52.com
62def3f27b212526d1e0a1ff,UPDATE,https://www.seasons52.com
62def3f27b212526d1e0a204,UPDATE,https://www.eddiev.com