"transactionId","acceptorName"
"6569f451e4724fb9decb6794","RARE.ORG/CARBONCOUNTS"
"656f3b99c1900ade4120bfd2","UNIVERSITY GAZEL"
"6570a4189190db3e35ade0e8","Mol*GeekGorgeous Kft"
"65738acdd920faa4b30cc25f","TST* CAN CAN WONDERLAND"
"6579e26b2af130a772a1f238","ZEST CAFE & HOME ART"
"657a54b82af130a772a2235f","BODEGA TAPAS"
"657b97160f65feb7bfac3572","USPS PO 49780200 3161 S W"
"657b972a0f65feb7bfac35a4","USPS PO 49780200 3161 S W"
"657bae060f65feb7bfac35d6","LAS MARGARITAS MEXICAN RE"
"657c804d0f65feb7bfac72c5","RARE.ORG/CARBONCOUNTS"
"657c80580f65feb7bfac7314","RARE.ORG/CARBONCOUNTS"
"657c973c99e29298b7e246ae","RARE.ORG/CARBONCOUNTS"
"657c9b4e99e29298b7e2494b","UNIVERSITY GAZEL"
"657cbc5699e29298b7e24a56","THE I MARKET #708"
"657d045c99e29298b7e24bf4","QT 184 INSIDE"
"657e235099e29298b7e24eb6","SP HELLOBULK"
"657f174999e29298b7e25be0","SQ *HEIRLOOM BAKERY &"
"657f34b199e29298b7e25c95","SQ *LADYCO LLC"
"6581ac8420a7237b5d532ae0","QT 184 INSIDE"
"6584f1e95ff5e6175dc70e44","Crown Burger VI"
"6584fa805ff5e6175dc70e62","QT 184 INSIDE"
"658714655ff5e6175dc736ac","TST* HILLMAN BEER OLD FOR"
"658d86ff5ff5e6175dc76caa","RISE DOWNTOWN DURHAM"
"658db24e5ff5e6175dc76cec","TST* HILLMAN BEER OLD FOR"
"658e15865ff5e6175dc77000","LUCKYS TAPROOM AND EAT"
"659046375ff5e6175dc77499","570 BAT CAVE ROAD"
"6591fbbf5ff5e6175dc781d7","CURRY HOUSE"
"659353c25ff5e6175dc7820d","CIRCLE K # 23118"
"659462e60991662d8558d427","UNIVERSITY GAZEL"
"65958892bae7138d7fa007ad","RARE.ORG/CARBONCOUNTS"
"65958894bae7138d7fa007e4","RARE.ORG/CARBONCOUNTS"
"65958ae56a97d54f125c2579","RARE.ORG/CARBONCOUNTS"
"659591e16a97d54f125c2b63","JIMMY JOHNS # 453 - E"
"6595a23d680f805707302eb4","138 SAINT JAMES AVENUE"
"6595af49680f805707303877","KUM&GO 0731R DES MOINES"
"6595dc44680f805707304117","DELAWARE NORTH LOGAN F"
"6595e0e2680f8057073046ee","BOS HUDSON ST1943"
"6595f6d3680f805707304d8f","WASATCH COMMUNITY ACUPUNC"
"6596b9a7680f805707306fb1","SQ *JUBALA COFFEE"
"6596ba9d680f805707306ffe","SQ *JUBALA COFFEE"
"6597512c123faaf8978db0a2","RDUAA ONLINE PARKING"
"6599cf49538e70991ef62365","WHISKY RIVER T2-D RDU"
"659ad717538e70991ef62617","DOUCE FRANCE"
"659c44a8e5d0948e6293c934","COMMON MARKET DURHAM"
"659cb3e35dc4c98bd4f08a34","TST* WILDSEED - PALO ALTO"
"659ef31e857987d7a86b7f52","QT 184 INSIDE"
"659f1a21857987d7a86b8a95","TOMINO TABERNA GALLEGA"
"65a02d59656ee1a08ceac15d","SQ *BLIP ROASTERS"
"65a15c1c6b02329efa2a4692","FS Gillham"
"65a176e06b02329efa2a5582","KRISPY KREME 0290"
"65a2baaa6b02329efa2a671c","REFUEL 184"
"65a428ee6b02329efa2a85f6","SQ *ECO ECLECTIC"
"65a552a06b02329efa2a87cb","QT 184 INSIDE"
"65a6d8115e7ab27874a0e538","GRUBHUB*CARROLLSKITCHE"
"65a6e5405e7ab27874a0e8f7","CIRCLE K # 23118"
"65a7f45a5e7ab27874a0ec70","FDY*UKLON."
"65a7f4655e7ab27874a0ec92","FDY*Information"
"65a849c783237e40d3736d80","TST* HIBERNIAN PUB DOWNTO"
"65a8513783237e40d3736f30","GLENWOOD SOUTH PHARMACY M"
"65a8bfee83237e40d3737101","GRAZIE"
"65aad8167d47ddf4f45c1525","AI-GENERATED HEADSHOTS"
"65ab344a724c67886a0f0d6d","MONOBANK"
"65abe85b724c67886a0f18c9","CIRCLE K # 23118"
"65abea09724c67886a0f1977","919 DURHAM HWY"
"65ac6c63724c67886a0f1af2","BODEGA TAPAS"
"65ae62b1724c67886a0f204a","LIQPAY*TOV AVT Bavari"
"65ae695c724c67886a0f2106","Klarna"
"65aeff59e13007ec05e1a84d","CHINATOWN SUPERMARKET-So"
"65aeffade13007ec05e1a88f","SANFRAN BURRITO N FRYZ"
"65af8feae13007ec05e1b19b","GRAZIE"
"65af8ff7e13007ec05e1b1ca","GRAZIE"
"65af8ffbe13007ec05e1b1df","GRAZIE"
"65af8fffe13007ec05e1b201","GRAZIE"
"65af9010e13007ec05e1b231","GRAZIE"
"65af9013e13007ec05e1b250","GRAZIE"
"65af9017e13007ec05e1b267","GRAZIE"
"65afb8b0e13007ec05e1b4fc","THEGRAZIEAPP.COM"
"65afbcc9e13007ec05e1b51e","GRAZIE"
"65afd6e7e13007ec05e1ba7b","GRAZIE"
"65afde07e13007ec05e1bad4","GRAZIE"
"65b1361b6bdc3fc7d9794a53","RARE.ORG/CARBONCOUNTS"
"65b136646bdc3fc7d9794c0a","RARE.ORG/CARBONCOUNTS"
"65b136656bdc3fc7d9794c99","RARE.ORG/CARBONCOUNTS"
"65b136a86bdc3fc7d9794d73","RARE.ORG/CARBONCOUNTS"
"65b136c56bdc3fc7d9794e4d","RARE.ORG/CARBONCOUNTS"
"65b16f436bdc3fc7d9795c9a","SQ *JUST ORGANIC JUICE"
"65b2e40c6bdc3fc7d9796924","CIRCLE K # 20816"
"65b3d79dc9d408b114a3e96e","COA PARKING IPS"
"65b3e4d8c9d408b114a3ea28","SQ *NEW BELGIUM BREWIN"
"65b400e85219168858a8c46b","COA PARKING IPS"
"65b434645219168858a8cde3","COPPER CROWN LLC"
"65b457f85219168858a8ce41","TST* PAT'S TAP"
"65b55df6139170b8102cb5ce","PPS 11 SEARS ALLEY"
"65b56154139170b8102cb624","COA PARKING IPS"
"65b686ea139170b8102cb857","CARIBOU COFFEE CO #1265"
"65b7e796c3e287a32849d2c1","WINRED* SAVE AMERI"
"65b802293ee023851f24fe19","RARE.ORG/CARBONCOUNTS"
"65b8022a3ee023851f24feac","RARE.ORG/CARBONCOUNTS"
"65b82db03ee023851f25008f","MR RICE"
"65b906693ee023851f250c8a","LEFT BANK BOOKS INC."
"65b955b8fc9b902917f9b380","TELCASH"
"65b95bd6fc9b902917f9b3d4","TELCASH"
"65b95e4ffc9b902917f9b43a","TELCASH"
"65b95f40fc9b902917f9b46d","TELCASH"
"65b9626cfc9b902917f9b48a","WINRED* SAVE AMERI"
"65b98163fc9b902917f9d11b","450686479"
"65b994f6fc9b902917f9d1d6","SP ONEQUINCE"
"65b9a3f0fc9b902917f9d2ac","STATE FARM INSURANCE"
"65b9b43ffc9b902917f9d346","CC Filson Co"
"65b9c738fc9b902917f9d496","Wildcats Bar & Grill"
"65b9ce0cfc9b902917f9d4d0","Wildcats Bar & Grill"
"65b9d4a2fc9b902917f9d508","OpticsPlanet.Com"
"65ba46b9fc9b902917f9d77b","CIRCLE K # 23118"
"65ba5fe1fc9b902917f9d9fc","TELCASH"
"65ba66befc9b902917f9da32","WINCO FOODS #142"
"65ba8e4dfc9b902917f9dc0c","MOE'S 4836"
"65ba9337fc9b902917f9dc87","WWW.PETSMART.COM"
"65bac67b3c75b3ec277334a0","THE HEALTH NUTS"
"65bae21461de3794cc291ddc","WYATT`S TWISTED AMERICANA"
"65bae3e261de3794cc291e11","TST* HIGHLAND GRILL"
"65baf29261de3794cc291e87","EL LORO MEXICAN RESTAURAN"
"65bbd2c11cf70e67a01fb49b","Copeia1852"
"65bbdeb91cf70e67a01fb500","SP HOUSEPLANT"
"65bc209ae62705fe999d7c2c","GRUBHUB*FAMOUSORIGINAL"
"65bc3f3ee62705fe999d7cef","SP TATOS MALLETS"
"65bc3fa5e62705fe999d7d11","SP TATOS MALLETS"
"65bc4013e62705fe999d7d33","SP TATOS MALLETS"
"65bc4062e62705fe999d7d6b","SP TATOS MALLETS"
"65bc41bee62705fe999d7d8d","SP TATOS MALLETS"
"65bc425ee62705fe999d7daf","AMEXGIFTCARD.COM"
"65bc5fbfe62705fe999d7e26","Crown Burger VI"
"65bd27a6e6c6453e1378dc7e","MCALISTER'S 101032"
"65bd2ee5da24dd8975a912f5","SQ *CORPORATE EATS INC"
"65bd53fada24dd8975a913d0","WF *WAYFAIR4188071793"
"65bd53fcda24dd8975a913e4","WF *WAYFAIR4188071793"
"65bd8488da24dd8975a91576","CHOPSTIX"
"65bd865eda24dd8975a915db","SQ *THE GREAT NORTHERN"
"65be1b4dda24dd8975a9213f","SAKS"
"65beb8acda24dd8975a9260e","TST* DRAM & DRAUGHT CARY"
"65bed8adda24dd8975a92673","SQ *BRICK OVEN BUS LLC"
"65bef2f1da24dd8975a926a8","Redstone Grill"
"65bfaa0bda24dd8975a928fc","Welch Village Ski Area"
"65bfbd90da24dd8975a9296d","BOMBAY CENTRAL - (RALE"
"65bfccbeda24dd8975a92a0b","85C BAKERY CAFE"
"65bfd23bda24dd8975a92a8e","DD *DOORDASH TACOSAZTE"
"65bfd788da24dd8975a92ac7","QUAIL RIDGE BOOKS"
"65bfdb2dda24dd8975a92af5","FEEDERS SUPPLY COMPANY #"
"65bfdd30da24dd8975a92b23","SP AMELIAS FLOWERS - N"
"65bfe2bcda24dd8975a92b50","TST* SOUTHERN SOCIAL - EA"
"65bfe798da24dd8975a92b84","NORDSTROM RACK # 60 E 14T"
"65bfe80bda24dd8975a92bc3","NORDSTROM RACK # 60 E 14T"
"65bfeaefda24dd8975a92bf3","SUMUP *WAKE FOREST COFFEE"
"65bfeb1ada24dd8975a92c40","SQ *MOONLIGHT FLORAL S"
"65c02f09da24dd8975a92e15","GRUBHUB*BANGKOKTHAIDEL"
"65c11e05a22033112b344722","CHICK-FIL-A #04656"
"65c12265a22033112b344770","CAFE CLUNY"
"65c15198edf73076640f7505","SP EVE LOM US"
"65c16bd4edf73076640f752f","REEBOK ECOMM"
"65c17f50edf73076640f7b1b","BLUE FIN TIME SQ"
"65c180bcedf73076640f7b78","LUIGIS PIZZA"
"65c181c2edf73076640f7bb1","3802 CEDAR  SPRINGS RD"
"65c18471edf73076640f7c14","3802 CEDAR  SPRINGS RD"
"65c1a183edf73076640f7cb0","WWW.KUNGFUTEA.COM"
"65c1a18cedf73076640f7cde","KFTEA* UNIVERSITY OF M"
"65c237b2edf73076640f804d","OLE & STEEN 14 111 EAS"
"65c24494edf73076640f809f","OLE & STEEN 14 111 EAS"
"65c24c0bedf73076640f80e7","TST* ASCENSION COFFEE - C"
"65c27868edf73076640f837e","BREAD & BUTTER 56"
"65c28a75edf73076640f83c2","BLVD   *LEVITICUS BODY PI"
"65c28a8cedf73076640f83f0","BLVD   *LEVITICUS BODY PI"
"65c293e5edf73076640f842d","BREAD & BUTTER 56"
"65c297f1edf73076640f8466","931 WINE & SPIRITS"
"65c2d7b3edf73076640f85c5","ESTRELLA PET GROOMING"
"65c2d817edf73076640f8602","ESTRELLA PET GRO"
"65c39cf8ecf329289838f569","TST* ASCENSION COFFEE - C"
"65c3aebe3095f5208ee7b506","TIX* WS JUNCTION FC TI"
"65c3c55a3095f5208ee7b55c","PANDA EXPRESS #1990"
"65c40a593095f5208ee7b5ca","SQ *NIKO NIKO BOBA - R"
"65c41a0e3095f5208ee7b62a","GRUBHUB*NANDOSPERIPERI"
"65c4f80d51e05be0d1ad7914","SQ *EXPRESS SHOP"
"65c503df51e05be0d1ad7bcd","WEAR PACT, LLC"
"65c517b151e05be0d1ad7f2e","5-CORPORATE EATS 365SECUR"
"65c51e9151e05be0d1ada0fd","TST* PARLOR DOUGHNUTS- OC"
"65c5216451e05be0d1ada142","DOC BS RESTAURANT MCK"
"65c5363551e05be0d1ada1da","TARGET CENTER ARENA"
"65c5555351e05be0d1ada292","HEART OF AMERICA GOLF COU"
"65c557c451e05be0d1ada2d7","SP OARS+ALPS"
"65c5609551e05be0d1ada302","DSW KNOLLWOOD MALL"
"65c5661b51e05be0d1ada358","PAYPAL *EMBLEMS"
"65c57a1a51e05be0d1ada3d7","TST* THE BRICK PROJECT"
"65c58b9f51e05be0d1adb150","SQ *TASTE OF POLAND"
"65c59f9451e05be0d1adb294","BABOR COSMETICS AMERICA C"
"65c6495c51e05be0d1adb548","HY-VEE EAGAN 116 HY VEE 1"
"65c65dbd51e05be0d1adcd9a","FOXTROT"
"65c66d2151e05be0d1adcde3","CEDARVALE LANES FITZ B"
"65c66f4651e05be0d1adce0e","SQ *CORPORATE EATS INC"
"65c6820351e05be0d1adce3a","Messenger 47th"
"65c693aa51e05be0d1adcf57","COSTCO GAS #0377"
"65c6940251e05be0d1adcf90","BAYSIDE MARGARITAVILLE"
"65c6957e51e05be0d1adcfe0","BAYSIDE MARGARITAVILLE"
"65c6975d51e05be0d1add018","MARSH'S SUNFRESH # 299"
"65c6a23b51e05be0d1add050","SQ *CARIBBEAN LIFE"
"65c6b84951e05be0d1add0c2","PlayStation Network"
"65c6cc4151e05be0d1add0f4","SQ *MINNEAPOLIS CIDER"
"65c6d04e51e05be0d1add12e","SUNOCO 0522816800"
"65c7824a51e05be0d1add436","SQ *JUBALA COFFEE"
"65c796ce51e05be0d1add49c","FOXTROT"
"65c79b0251e05be0d1add504","SQ *MATTO 58"
"65c7b2e851e05be0d1add56f","TRADER JOE S #57 TRADER J"
"65c7b64551e05be0d1add59d","CIRCLE K # 23118"
"65c7c2b551e05be0d1add691","TST* PARIS BAGUETTE - 211"
"65c7c6c151e05be0d1add6cc","CHILI'S WILMINGTON"
"65c7c6e951e05be0d1add6ef","CHILI'S WILMINGTON"
"65c7cfb651e05be0d1add728","FEDEX OFFICE #769"
"65c7da8351e05be0d1add7d2","SQ *CARLO'S BAKERY MAL"
"65c7da9851e05be0d1add7f4","SQ *CARLO'S BAKERY MAL"
"65c7ebe851e05be0d1add844","Mall of America #17 BBP"
"65c7ec0651e05be0d1add85e","Mall of America #17 BBP"
"65c7f18551e05be0d1add878","HAAGEN-DAZS 920"
"65c8029e51e05be0d1add8a2","RFC MALL OF AMERICA RE"
"65c824b251e05be0d1add8ee","TST* MOJOS FOOD MUSIC SO"
"65c8b45751e05be0d1addb06","GOOGLE *TEMPORARY HOLD"
"65c8da8f51e05be0d1addb92","KLARNA"
"65c8dac551e05be0d1addbb5","Klarna"
"65c9030651e05be0d1addbf0","SUNOCO 0522816800"
"65c919ca51e05be0d1addc2f","PANDA EXPRESS # 3374"
"65c931c551e05be0d1addd3f","MACY'S      528 2 FASHION"
"65c93e4151e05be0d1addd78","SQ *REBORN COFFEE - CD"
"65c94a4051e05be0d1adde2c","WORLD FOOD MART"
"65ca283751e05be0d1ade087","FIVE POINTS ENTERTAI"
"65ca2e4551e05be0d1ade0d7","QT 184 INSIDE"
"65ca3d1b51e05be0d1adf103","TST* ASCENSION COFFEE - C"
"65ca4db155c04a6c40fdd0b2","STEAMGAMES.COM 4259522985"
"65ca4e6655c04a6c40fdd0e0","WL *Steam Purchase"
"65ca6362e93d90ac3f583fcd","5-CORPORATE EATS 365SECUR"
"65ca6950e93d90ac3f58402f","WEDGE COMMUNITY CO-OP"
"65ca6a38e93d90ac3f584047","5-CORPORATE EATS 365SECUR"
"65ca95f3e93d90ac3f5842b7","SQ *EXPRESS SHOP"
"65cb9cbccb5018d0613957be","BCY*BACKCOUNTRY.COM"
"65cbade446ced1a21736d75d","BREAD & BUTTER 56"
"65cbae2446ced1a21736d795","EAST HAMPTON CRESCENT"
"65cc36cb46ced1a21736e164","PAYPAL *EXPEDIA.COM"
"65ccafcb46ced1a21736eb26","CARIBOU COFFEE CO #1277"
"65ccbd9346ced1a21736eb98","BP#8597536HAN-DEE HUGOS"
"65ccda0a46ced1a21736ec47","EMAGINE EAGAN"
"65cd02e346ced1a21736eedb","SQ *LALALAND TX 888 WE"
"65cd062d46ced1a21736ef14","MONTROSECOLLECTIVEPRKG"
"65cd2c9b6a074e1993cc85a0","NORTHWEST ART AND FRAME"
"65cd2d986a074e1993cc85ce","CUB FOODS #01595"
"65cd47826a074e1993cc8657","WORLD FOOD MART"
"65cd595e6a074e1993cc874a","COSSETTA INC"
"65ce4e1ff540c872f1af3772","MCALISTER'S 101032"
"65ce4e4cf540c872f1af37a6","TRADER JOE S #746"
"65ce52eaf540c872f1af37f1","BREAD & BUTTER 56"
"65ce5459f540c872f1af3827","5-CORPORATE EATS 365SECUR"
"65ce5b23f540c872f1af38d4","TST* SLOWPOKES - RICHMOND"
"65ce675a61a362ed2f28c9cf","DOC BS RESTAURANT MCK"
"65ce681d61a362ed2f28ca05","UNITED PACIFIC 2"
"65ce943561a362ed2f28cad7","PlayStation Network"
"65ce944661a362ed2f28cb05","PLAYSTATION NETWORK"
"65ce958a61a362ed2f28cbb3","MACYS MARKETPLACE"
"65ceb29061a362ed2f28cc25","TST* BRUS PUBLIC HOUSE"
"65cf788561a362ed2f28ce15","TST* ASCENSION COFFEE - C"
"65cf9f2461a362ed2f28ce61","VERNON GRILLE"
"65cfa45c61a362ed2f28ce8e","New Balance Store_US"
"65cfb0e96a916308adc5f73e","DOC BS RESTAURANT MCK"
"65cfce9c6a916308adc5f784","TJ MAXX #1025"
"65cfd5586a916308adc5f7d6","TRAM`S SALON"
"65cff8546a916308adc5f807","TST* THE PARLOR AT HEIGHT"
"65d0bf336a916308adc5fcdf","SQ *YELLOW DOG BREAD C"
"65d0c7e66a916308adc5fd95","SQ *MATTO 58"
"65d0cadd6a916308adc5fdbf","KAPLAN-DEARBORN-PPI"
"65d0d9616a916308adc5fdf1","TRADER JOE S #57 TRADER J"
"65d0ee236a916308adc5fe17","KROGER FUEL #737 11565A S"
"65d0fcae6a916308adc5fe6c","326 CAMBRIDGE ST"
"65d137c36a916308adc5fee7","KOHLS 1470 4190 VINEWOOD"
"65d143546a916308adc5ff33","SP AVIATOR NATION"
"65d1fd1c6a916308adc600ec","THOMPSON TEE"
"65d1fe886a916308adc6011a","SP MACK WELDON"
"65d252556a916308adc603b3","PHILADELPHIA RUNNER"
"65d252cc6a916308adc603d6","PAR*SMOOTHIE KING SK1945"
"65d26d786a916308adc60489","NST THE HOME DEPOT 000531"
"65d2708f6a916308adc604ba","HOUSE OF HOPS"
"65d271786a916308adc604f4","COSTCO WHSE #0377"
"65d37cac6a916308adc60722","PARTY CITY 627"
"65d37f9d6a916308adc6074d","BOB'S DISCOUNT FURNITURE"
"65d39cba6a916308adc607ad","NNT APPLE STORE R05000478"
"65d3b7e66a916308adc607d2","GOODWILL ONALASKA 250"
"65d3c3596a916308adc60813","SI NAT AIR & SPC MUSEU"
"65d3cc6f6a916308adc60861","NST THE HOME DEPOT 001754"
"65d3dd046a916308adc60887","HY-VEE ROBBINSDA HY VEE R"
"65d3dd5d6a916308adc608af","MIU MIU NAIL SPA"
"65d3def16a916308adc608db","HY-VEE ROBBINSDA HY VEE R"
"65d3df236a916308adc60903","FIV*GONG CHA MILLBURN"
"65d434356a916308adc60a38","SHADOWLAND"
"65d4ec0d6a916308adc60baf","BREAD & BUTTER 56"
"65d4eda66a916308adc60be6","PEOPLES ORGANIC CAFE"
"65d51eae93ebf406e812e540","QT 184 OUTSIDE"
"65d5243793ebf406e812e5a3","ODDFELLOWS CAFE AND BA"
"65d55aa893ebf406e812e5d4","WL *Steam Purchase"
"65d5689293ebf406e812e6aa","BP#9268962PENN BP"
"65d56d9493ebf406e812e6ec","LUNDS&BYERLYS DT MPLS"
"65d5f288e2bb97323b94d6fe","Shopbop.com"
"65d63924ed3e8e76df70a46e","7-ELEVEN"
"65d63d63ed3e8e76df70a4be","CHICK-FIL-A #03662"
"65d63ec6ed3e8e76df70a500","HH 95"
"65d64da7ed3e8e76df70a64e","SP CANAAN PALESTINE"
"65d72e6bed3e8e76df70b50d","GOOGLE *TEMPORARY HOLD"
"65d72e70ed3e8e76df70b52d","GOOGLE*TEMPORARY HOLD"
"65d79d19f5318ce55efbbcbe","Queensboro Car Wash"
"65d7c6276ea1b3ccb061f664","TJMAXX #0610"
"65d7efbb6ea1b3ccb061f6a2","UNITED PACIFIC 2"
"65d89d976ea1b3ccb061f91b","UNIVERSITY GAZEL"
"65d89dae6ea1b3ccb061fa22","UNIVERSITY GAZEL"
"65d89e776ea1b3ccb061fc86","UNIVERSITY GAZEL"
"65d8b72870cbd68b831b3c41","TOWN & COUNTRY HARDWARE"
"65d8e8ba66be76c5a9175da6","SMITHS FOOD #434 350 SAND"
"65d939c266be76c5a9175e19","HY-VEE EAGAN 1165"
"65d959b366be76c5a9175e60","CHIPOTLE 2554"
"65da0d1766be76c5a9176114","On Inc"
"65da1dd966be76c5a917614d","BJS.COM #5490"
"65da4af666be76c5a9176254","SP PUBLIC"
"65da652866be76c5a91764a4","Dr Martens Airwair USA LL"
"65da6acc66be76c5a91764d5","COTELAC"
"65db66de66be76c5a9176746","GIRL SCOUTS OF THE UNITED"
"65db712466be76c5a91767ae","BOMBAY CENTRAL - (RALE"
"65db981c66be76c5a9176863","TRADER JOE S #09 TRADER J"
"65db98f766be76c5a917689c","WEBFLOW.COM"
"65dbae8266be76c5a9176906","MARIANA'S 6"
"65dbb78966be76c5a91769ef","10231 - MEATPACKING"
"65dbb79566be76c5a9176a15","10231 - MEATPACKING"
"65dbd31566be76c5a9176a73","SQ *LAZEEZ"
"65dbd98f66be76c5a9176ad5","TURKEY HILL #0140"
"65dbe5ca66be76c5a9176b07","WALLY'S FALAFEL & HUMMUS"
"65dc10aa66be76c5a9176b5e","WWW.ALOSIM.COM"
"65dc52ae66be76c5a9176be0","PANTALOONS FASHION"
"65dca75766be76c5a9176d31","QT 184 INSIDE"
"65dcdbc8106cbc1b47b87851","PEI WEI - 0088 UPTOWNPLAZ"
"65dd04fa205e7f5d904291e6","SMITHS FOOD #434 350 SAND"
"65dd8157205e7f5d904293ed","JOHARI BAZAR BR"
"65dded9a205e7f5d904294a6","SQ *ODDLY CORRECT LLC"
"65ddf5af205e7f5d904294e3","TST* ASCENSION COFFEE - C"
"65e0810b0ca3c023d31eab3a","RARE.ORG/CARBONCOUNTS"
"65e088882492fb06f4b79145","RARE.ORG/CARBONCOUNTS"
"65e08c4a2492fb06f4b81194","GOOGLE *TEMPORARY HOLD"
"65e08ca32492fb06f4b838d5","GOOGLE*TEMPORARY HOLD"
"65e0900183da16405f9b7532","SQ *JUBALA COFFEE"
"65e0904583da16405f9b75a1","SQ *JUST ORGANIC JUICE"
"65e090dd83da16405f9b76b9","RARE.ORG/CARBONCOUNTS"
"65e090e083da16405f9b7713","TIKTOK SHOP"
"65e0910d2492fb06f4b84a34","RARE.ORG/CARBONCOUNTS"
"65e0916983da16405f9b7815","TARGET T-2868"
"65e091f483da16405f9b7909","QT 184 INSIDE"
"65e0923f83da16405f9b7971","LUCKY PIE GALLER"
"65e0931d83da16405f9b7b2d","WWW.ATM.IT - APP MOBILE"
"65e0967e83da16405f9b8214","LINO LAKES TOBACCO 1 LLC"
"65e0cc737a7231c7a04fa860","ANY LAB TEST NOW INDEPEND"
"65e0cda27a7231c7a04fa94c","GOOGLE *TEMPORARY HOLD"
"65e0cdf02492fb06f4be45a7","GOOGLE *TEMPORARY HOLD"
"65e123587a7231c7a0534627","TST* JAVELINA - UNION SQU"
"65e1f480bd122161740da1d4","DUTCH BROS UT0302 MURRAY"
"65e300a30442661319ef9129","KASHMIR WATCH CO"
"65e34d04bd122161741df4e3","QT 184 INSIDE"
"65e350cbbd122161741df957","*ORINDA BASEBALL"
"65e3547b0442661319f28cbf","*ORINDA BASEBALL"
"65e355390442661319f28deb","*ORINDA BASEBALL"
"65e35d2bbd122161741f7173","*ORINDA BASEBALL"
"65e36454bd122161741f71e4","BJS WHOLESALE #3 13585 NE"
"65e374c80442661319f47b94","*ORINDA BASEBALL"
"65e3784b0442661319f50736","DELHI AIRPORT PARKING S"
"65e37f570442661319f53ad0","TARGET T-2300"
"65e38132bd122161742157ec","TARGET T-2300"
"65e38869bd12216174216455","CROWN PLAZA OKHLA FO 3"
"65e389180442661319f54ed7","TOBACCO PLUS MINI MART"
"65e390a9bd12216174225a7e","XSOLLA *SCSTORE"
"65e39fc9bd122161742327a1","KKAP LLC"
"65e3a0ff0442661319f6be9f","BOMBAY CENTRAL"
"65e3a630bd12216174235b14","D' LARA MEDITERR"
"65e3a6c8bd12216174235b5e","D' LARA MEDITERR"
"65e3eb330442661319f95b5d","Johnny Rockets"
"65e3f73b0442661319fa16a7","WWW.ALOSIM.COM"
"65e4c3e9044266131906d653","TARGET T-0305"
"65e4ca050442661319073112","NORSE BREWING CO"
"65e4ca0e0442661319073155","NORSE BREWING CO"
"65e4e392bd1221617432f78b","22010- GREENWICH"
"65e58997bd122161743985cb","RAZ*Archaeological Surv"
"65e5cc6b04426613190f68a6","+OKHLA PHASE I"
"65e5d7bb04426613190fae6c","SEDA FRANCE"
"65e5e1e004426613190fd525","CROWN PLAZA OKHLA IRD"
"65e601910442661319104c88","SP HARMONY FOLIAGE"
"65e60de90442661319107543","F256 DAREDEVILS BAR AIRPO"
"65e60fce0442661319113391","TRAVEL NEWS SERVICES I"
"65e6269abd122161743e94fa","TRAVEL FOOD SERVICES D"
"65e72a4604426613191d2c96","QT 184 INSIDE"
"65e7692704426613191eea9a","NST THE HOME DEPOT 000703"
"65e76a5fbd122161744c29d4","CITGO TRAVEL MART DE"
"65e7781a04426613191f1ca7","PLUCKERS-STAFFORD-RET"
"65e7840b04426613191f8600","BP#1710060HASTY MART # 5"
"65e79f6abd122161744d804a","DELTA INTERNET DELTA.COM"
"65e83c7fbd1221617454c52e","LIGHT CAFE'"
"65e8645d0442661319287294","AMI POKE'"
"65e8a45604426613192a4753","STAGE STAR DELI"
"65e8be4cbd1221617459e0d8","JOSEPH RISTORANTE"
"65e8cd9a2b8b63e428feb325","SQ *JUST ORGANIC JUICE"
"65e8ee894e77d342c10d6e95","TARGET T-1885"
"65e962da4e77d342c1117157","CURB MOBILITY"
"65e9b1742b8b63e428045ecf","SHEETZ 2555"
"65e9fb9df9774893794cdbb6","TST* LAKEWOOD SOCIAL NEW"
"65ea1b0ec78429a6db4074d2","SQ *BLUE BOTTLE COFFEE"
"65ea2131c78429a6db407b3e","GATE 1421"
"65ea24a5f9774893794f9387","CRACKER BARREL #500 JENSE"
"65ea3568c78429a6db426d22","CUB FOODS #30124"
"65ea5e69c78429a6db42feb5","ROLLICIOUS"
"65eba98ac78429a6db4e28dc","HARRIS TEETER #0 4093 DAV"
"65ec754bf97748937960a472","TARGET T-1352"
"65ec9573c78429a6db535b58","EGIFT CARD888 267 0447"
"65eca8b9c78429a6db53fc78","CUB FOODS #30124"
"65ecc420f97748937963bcfc","PIM"
"65ecd088c78429a6db550145","RDUAA ONLINE PARKING"
"65ed2b9ac78429a6db564899","SHEETZ 0555"
"65eddec5c78429a6db59b15c","QT 184 INSIDE"
"65ede32cf97748937968d84c","PARTY CITY 627"
"65edffbbc78429a6db5a9464","EXXON SAMS XPRESS CAR WAS"
"65ee3609f9774893796b9878","NNT GOODWILL MINNET001957"
"65ee450cf9774893796bb832","PY *TOWER TAVERN - MO"
"65eefa47f9774893796e0849","SHEETZ 0555"
"65ef221fc78429a6db5fadd9","QT 184 INSIDE"
"65ef295af9774893796e5446","PANERA BREAD #601938 P"
"65ef2c2ff9774893796e54b0","PRET A MANGER US0004"
"65ef6a4df9774893796fe813","Sun Tan City 0398"
"65efa2d0c78429a6db62240d","HIGHLAND NAIL BAR"
"65efbbe3c78429a6db62a138","AT *MOMA"
"65efc139f97748937972b117","TARGET T-1784"
"65efc146c78429a6db62c386","TARGET T-1784"
"65efc1c9c78429a6db62c63d","TARGET T-1784"
"65f052b0c78429a6db668010","GOOGLE *WALLET TEMP"
"65f05306f97748937975d9a4","GOOGLE *WALLET TEMP"
"65f05484c78429a6db66f288","GOOGLE *WALLET TEMP"
"65f056f3c78429a6db6768a2","GOOGLE *WALLET TEMP"
"65f05737c78429a6db6769e7","GOOGLE *WALLET TEMP"
"65f0584ec78429a6db676a94","GOOGLE *WALLET TEMP"
"65f0720bf977489379761f45","SQ *BAGELMAN"
"65f0926490d8cc2eab98a4fd","TARGET STORE T-3399"
"65f0954c90d8cc2eab98a570","13044 NORWOOD RD"
"65f09a8389ccc9fb30235412","EGIFT CARD888 267 0447"
"65f09aa590d8cc2eab98aec3","EGIFT CARD888 267 0447"
"65f09ad290d8cc2eab98aee7","EGIFT CARD888 267 0447"
"65f09b3789ccc9fb30235575","EGIFT CARD888 267 0447"
"65f0a4ac89ccc9fb30237846","EGIFT CARD888 267 0447"
"65f0bd5e89ccc9fb3024016b","RARE.ORG"
"65f0bd8290d8cc2eab997119","RARE.ORG"
"65f0c3ff89ccc9fb30240c80","RARE.ORG/CARBONCOUNTS"
"65f0c57f89ccc9fb30240fea","RARE.ORG/CARBONCOUNTS"
"65f0c66290d8cc2eab9a03e0","RARE.ORG"
"65f0e35d90d8cc2eab9a864c","WAWA 5273"
"65f17dd989ccc9fb30281ca8","PZA DEI GIURECONSULTI 16/"
"65f1857f90d8cc2eab9bd0ad","GoFundMe Medical Bills an"
"65f2f4fac3c2ee855d5b8a8d","PZA DEI GIURECONSULTI 16/"
"65f30180c3c2ee855d5b9489","HELP.USEMOTION.COM"
"65f3069bc3c2ee855d5ba085","TST* SIR WALTER DT RALEIG"
"65f319c3ffe6b3cde515c5f4","WINN DIXIE #2468"
"65f31a1fffe6b3cde515c63f","WINN DIXIE #2468"
"65f31a61ffe6b3cde515c68a","WINN DIXIE #2468 11310 SE"
"65f31b24c3c2ee855d5bbb95","WINN DIXIE #2468"
"65f31bbec3c2ee855d5bbc5f","WINN DIXIE #2468"
"65f43670ffe6b3cde518d5fd","SQ *YELLOW DOG BREAD C"
"65f44627c3c2ee855d5ffcfc","CHICK-FIL-A #02742"
"65f44786c3c2ee855d60000d","TARGET T-0862"
"65f4d74bffe6b3cde51c727b","TJMAXX #0610"
"65f50298ffe6b3cde51cb049","Top Ten Liquors Mpls"
"65f59f9cffe6b3cde520538b","TARGET T-1352"
"65f5f436c3c2ee855d6ac80c","TOWN & COUNTRY HARDWARE"
"65f6f34affe6b3cde52612eb","CIRCLE K # 23118"
"65f768efffe6b3cde529ea22","Top Ten Liquors Mpls"
"65f8481dc3c2ee855d7a12c8","MUSICA & MUSICA SRL"
"65f84c02c3c2ee855d7a1416","SNAPFISH US *"
"65f9b00dffe6b3cde537d5d1","739 - TELEGRAPH1STEDITION"
"65fa364b031221857ba798db","7-ELEVEN 26348"
"65fb062398b06fa94020c7f3","OLD CUSS COFFEE CO."
"65fb243e5fbcc7a32c18df81","Caspers Cherokee of Eagan"
"65fb35bcfd40316f38594000","MARATHON PETRO120691"
"65fb4634fd40316f385c1853","Wildcats Bar & Grill"
"65fb513efd40316f385d983b","SHEETZ 2397"
"65fb68cbfd40316f3860f379","DD *DOORDASH MCDONALDS"
"65fb7d27fd40316f3861c40f","CUB FOODS #30124"
"65fc421d5fbcc7a32c279877","SQ *SKILLETS FOOD TRUC"
"65fc73a8fd40316f3866dcd0","GED"
"65fca40af80eee5cfe6c9489","PUBLIX SUPER MAR 4101 HOO"
"65fcbfe7fd40316f38693353","COPPER CROWN LLC"
"65fcd514fd40316f3869702f","COMMON MAN LINCOLN"
"65fcd560f80eee5cfe6d5364","COMMON MAN LINCOLN"
"65fcf153f80eee5cfe6ded37","Wildcats Bar & Grill"
"65fdd5fcf80eee5cfe7212a8","HOLIDAY STATIONS 0247"
"65fe1c52fd40316f38710059","TAPROOM - RHINO - MINI"
"65fe27faf80eee5cfe7363a9","SCHEELS EDEN PRAIRIE"
"65feedecf80eee5cfe76b582","Patton Avenue Pet Company"
"65feefedfd40316f3874f6fa","COA PARKING METERS MACKAY"
"65fef2bcfd40316f3874fd2c","SP ASHEVILLE ART MUS"
"65fef56df80eee5cfe77035f","TST* BOMBA"
"65fefb00f80eee5cfe772ffc","SQ *SOUTH OF SOMEWHERE"
"65fefcacf80eee5cfe77304b","SQ *BLUE RIDGE MOUNTAI"
"65fefcbcf80eee5cfe773086","SQ *BLUE RIDGE MOUNTAI"
"65fefd1bf80eee5cfe7730cf","SQ *GRINDER'S KEEPERS"
"65ff0046fd40316f3875b283","COA PARKING METERS MACKAY"
"65ff0923fd40316f3875b5bc","TST* CHESTNUT"
"65ff1f0afd40316f3878a444","3016-ASH BLUE RIDGE TR"
"65ff20e9fd40316f387926f6","OTTAVIANO"
"65ff3b12fd40316f38796268","HY-VEE EAGAN 1165"
"65ff4e1ef80eee5cfe783a84","POSH SPA AND NAILS"
"6600087df80eee5cfe7ae32f","PP*Cloud K Nine"
"660020e6fd40316f387fe62c","QT 184 INSIDE"
"66009b07fd40316f38823a0a","POSH SPA AND NAILS"
"6600b799fd40316f388406a6","QT 184 INSIDE"
"66017fb6f80eee5cfe80e773","QT 184 INSIDE"
"6602090bde0cb6aa76bc4380","DELTA INTERNET DELTA.COM"
"6602449aee6c3ace8090287e","QT 184 INSIDE"
"66041a25b34a53de045bdf84","CHICK-FIL-A #02742"
"66058a639b735a8459c5b167","TST* SIR WALTER DT RALEIG"
"660597a69b735a8459c63473","FLAMING GRILL & MODERN B"
"6606a9f0594097aa9d5f43b9","PAYPAL *LYCAMOBILE"
"6606b2bc594097aa9d5f53fb","VINTAGE BRAND"
"6606e4ffc0a2cf06926e8139","ZEST CAFE & HOME ART"
"6606f885b4f714b983838ff2","LABONNE'S MARKETS"
"66074bdcb9ce7665023e1043","HAYASHI JAPANESE RESTA"
"660759edb4f714b98386d3e7","IKEA BLOOMINGTON"
"66076afeb9ce7665023eace4","DOLLARTREE"
"66076c77b9ce7665023ead2a","WINCO FOODS #142"
"660851fab4f714b9838bc929","WALGREENS STORE 941 DURHA"
"660852c0b4f714b9838bc97f","CIRCLE K # 23118"
"6609ce90b9ce766502485086","SHEETZ 2397"
"660b205166228831fe538264","THE I MARKET #708"
"660b22c9508f0b4d6840444b","BUILDASIGN"
"660bf462508f0b4d684556c9","SQ *COCOA CINNAMON - L"
"660c088d66228831fe56f6b5","CARIBOU COFFEE CO #306"
"660c35a174a29582797a3ac4","MN COURT HENNEPIN WEB SER"
"660c35a266228831fe5b5d62","MN COURT HENNEPIN"
"660dd3fb66228831fe6fedf3","508 NC HWY 9"
"660df63d66228831fe70696a","SHEETZ 2555"
"660ee4d66aaac9ee48e669e6","TST* SIR WALTER DT RALEIG"
"660ffd716aaac9ee48edd68c","SUMUP *WAKE FOREST COFFEE"
"661133b76aaac9ee48f52a04","PAGHIPOCO - VIA SCALO.."
"66118e37c7259715b2163e71","GATE  #1233"
"6611a4766aaac9ee48f79759","IPARK 79"
"6611a506c7259715b2169936","DOMINO'S 1944"
"6611eb1ac7259715b2173c13","SP BRAINFEEDER"
"66125f936aaac9ee48fcd02e","NORSCOT GROUP INC"
"661267e66aaac9ee48fcd080","28392831 BAR DUBH T2 DUBL"
"6612888c6aaac9ee48fcfd5b","NORSCOT GROUP INC"
"6612981f6aaac9ee48fdaba8","NORSCOT GROUP INC"
"6612a7e66aaac9ee48fdfbc6","NORSCOT GROUP INC"
"6612abf06aaac9ee48fdfd43","NORSCOT GROUP INC"
"6613f30a6aaac9ee4805f721","DUTCH BROS UT0302 MURRAY"
"6614015bc7259715b2252dc4","SONIC DRIVE IN #5864"
"661404816aaac9ee48063f59","NOOTROPICS DEPOT"
"66141199c7259715b2255e91","SQ *MIGHTY-O DONUTS -"
"66143df10968b413c76366ad","SQ *POKE SQUARE GOSQ.C"
"661531c17bebca77384cbace","CVS/PHARMACY #03 03215--5"
"661543067bebca77384d5b31","CARIBOU COFFEE CO #306"
"661543c30968b413c766fb67","CARIBOU COFFEE CO #306"
"6615809a7bebca77384ee504","TST* AUX DELICES - DARIEN"
"66158a82b22abb59884a7f02","CITIBANK, N.A./CITIBANK,"
"6615af98a3e9bc39a396cad5","CURB MOBILITY"
"6615ba6ba3e9bc39a396efe2","THE BOTTLENOSE WINE CO"
"6615c3ffa3e9bc39a396fc84","HOLIDAY STATIONS 0703"
"6615c810a3e9bc39a397717c","BRAVEST"
"66168a935e9c56c18a67d874","SQ *CROWS COFFEE SOUTH"
"6616bd4bb109cd797a521416","TST* FARINA NEIGHBORHOOD"
"66170167b109cd797a551ae2","CATHEDRAL OF ST PAUL"
"661704beb109cd797a556dbd","JOSABANK  046"
"6617241fb109cd797a55ed95","BRAVEST"
"66180dd3f86fb3efcf4ad1b9","SPI*DUKE-ENERGY"
"6618146ef86fb3efcf4af1ae","SQ *RESILIENT COUNSELI"
"661824a2206a2771e6f90870","TST* SIR WALTER DT RALEIG"
"6618375d206a2771e6fb0e7f","RDUAA ONLINE PARKING"
"66184e05f86fb3efcf4c8a68","SPACE AGE #24"
"66186e80f86fb3efcf4ee6ed","FARM TABLE"
"66197718206a2771e604a5eb","Wandering Bud"
"661ac7bcf86fb3efcf635f3d","HIGHLAND GREENS GOLF COUR"
"661ac7d9206a2771e60c1888","HIGHLAND GREENS GOLF COUR"
"661b1940f86fb3efcf666721","RCC & PERFORMING ARTS"
"661be466f86fb3efcf6c36eb","WALGREENS STORE 941 DURHA"
"661be4f9f86fb3efcf6c3746","CIRCLE K # 23118"
"661c2366206a2771e616aacf","APP*Astroline.today"
"661c422df86fb3efcf6d74f2","THE BOTTLENOSE WINE CO"
"661fc9fe40ebaf6b2c2b5275","LINE AUSTIN FOOD & BEV"
"661ffaef5c7e051a2494ae2b","HARRIS TEETER FUEL #353"
"662194fd3813abbae1848627","3325 LAS VEGAS BLVD SOU"
"662234d53813abbae185cec4","UBER * PENDING"
"662261603813abbae187e164","PAGHIPOCO - VIA SCALO.."
"6622820f3813abbae1887178","VINEYARD VINES LLC"
"66229f92206cf7573c9b591e","TST* TAIM - CITY SPIRE"
"6622a3ce3813abbae1891acc","TOBACCO PLUS MINI MART"
"662314a43813abbae18a83bf","SQ *LEVAIN BAKERY"
"662423453813abbae18ec1bf","2ND SWING - DALLAS"
"6624235e3813abbae18ec2d3","2ND SWING - DALLAS"
"6624239b3813abbae18ec2fd","2ND SWING - DALLAS"
"66242ad23813abbae18ec5a4","TST* BLACK MOUNTAIN RAILY"
"662431583813abbae18edacd","CVS/PHARMACY #03 03860--P"
"662439de3813abbae18eebff","SP OUTERKNOWN"
"6624854d206cf7573ca71eb3","HYATT REGENCY O'HARE F"
"66250a59206cf7573ca99590","MID PINES INN AND GOLF CL"
"66255de8206cf7573cab78ad","APP*Astroline.today"
"66256e133813abbae1934551","JIMMY JOHNS # 285"
"6626a1db3813abbae1995350","GETCONTENT.CLUB"
"6626afa23813abbae1999f95","APP*Astroline.today"
"6627cc9239269577a382b0f2","SQ *SUGARHOUSE"
"66281f4d39269577a386eeca","2222 McKinney Ave Ste 3"
"6628486639269577a3890afc","ROSS STORE #2235"
"66287b47206cf7573cbecdc2","TST* ELLIOTT BAY BREWING"
"662a98ad206cf7573cc8d983","SPEEDWAY 04089"
"662b8a85206cf7573cd00258","HOLIDAY STATIONS 3535"
"662bbe5c39269577a398c75b","SHEETZ 2555"
"662bcd0e206cf7573cd16ca1","WL *STEAM PURCHASE"
"662bcd3439269577a3994987","STEAMGAMES.COM 4259522985"
"662bcd34206cf7573cd16cc9","STEAMGAMES.COM 4259522985"
"662bd3ae206cf7573cd16f67","THE UPS STORE 2820"
"662be26139269577a3996a38","SPEEDWAY 04182"
"662bf5a339269577a3999361","APP*Astroline.today"
"662c0e5d39269577a39a54ae","CITGO MARY MART"
"662c8a3a39269577a39cce9a","TST* MIOPOSTO - WEST SEAT"
"662d013f39269577a39e2583","STRADA PROVINCIALE 92"
"662d016e39269577a39e25ab","STRADA PROVINCIALE 92"
"662d019a206cf7573cd7c882","STRADA PROVINCIALE 92"
"662d02a6206cf7573cd7c8d0","STRADA PROVINCIALE 92"
"662d4235206cf7573cd949c4","GETCONTENT.CLUB"
"662d760139269577a3a08d63","PAYPAL *LYCAMOBILE"
"662d769739269577a3a08d9e","CHIPOTLE 2395"
"662d9951206cf7573cdb4054","SQ *LAZEEZ"
"662ddc2339269577a3a1a945","WEST SEATTLE BOWL"
"662ddc38206cf7573cdc73de","WEST SEATTLE BOWL"
"662ddc53206cf7573cdc740f","WEST SEATTLE BOWL"
"662ddc8939269577a3a1a97b","WEST SEATTLE BOWL"
"662e6067206cf7573cded23e","SQ *WILL CARROLL COTTL"
"662e687a39269577a3a2ea44","UNICREDIT - NICOLOSI"
"662e6fe839269577a3a2ece9","UNICREDIT - NICOLOSI"
"662e7adc206cf7573cdf2f74","BURGERFI CROSSROADS IN"
"662ea78839269577a3a3e6d5","KUM&GO 0131R HUXLEY"
"662fd56d39269577a3a7fcf2","CVS/PHARMACY #00 00918--9"
"66302bc6206cf7573ce68128","WALGREENS STORE 941 DURHA"
"6631212ef64fe129f75cf37e","METRO BARCELONA"
"6631242c13a08be7f121a9e1","SP ZYLCH INC"
"66312e7af64fe129f75d8012","SHEETZ 2397"
"66312ec513a08be7f122b3e9","TRADER JOE S #72 TRADER J"
"663225ebf64fe129f761b624","SPEEDWAY 04089"
"6632421df64fe129f7621f47","CHICK-FIL-A #02742"
"66324d05f64fe129f762256e","LA CAVA UNIVERSAL"
"66327120f64fe129f763400d","100491057"
"6632a67513a08be7f12ac0c2","gremlingrwlrs"
"66337f8df64fe129f7684f09","PSM"
"6633abb2e6dc762ec11de681","CASTELL DE MONTJUIC"
"6633f259e6dc762ec11ee4bb","TERRA MIA"
"6634a8f65fcaa0f1ad298462","FUNDACIO JOAN MIRO"
"6634af12e6dc762ec1209bb8","WWW CINESA ES"
"6634f560d6b57d6761b44c8d","SQ *SUGARHOUSE"
"6635409a2817053d35d19834","RALEIGH FOUNDE INVOICE"
"663544962cb00851d2f610cf","VUELING AIRLINES"
"663595442cb00851d2f71314","TCBY - SUGAR HOUSE CENTER"
"6635cbcb2cb00851d2f76c4b","METRO BARCELONA"
"66360e4c2817053d35d4bf4e","Grancafe Arrivi Malpensa"
"663637ca2cb00851d2fa1111","BAR CENTRALE"
"66365dc02cb00851d2faff21","FIVE GUYS NJ 1971 QSR"
"6636692a2817053d35d58aae","24 STATE RT. 39"
"663673a52cb00851d2fb0749","VERNON DINER"
"663673b22817053d35d58db4","SP AMERICAN DREAM SH"
"663678e82817053d35d58ff9","AMERICAN DREAM"
"663679f22cb00851d2fb1cc4","AMERICAN DREAM"
"663697212817053d35d62773","IT"
"663698622817053d35d627b0","BLUE WHALE"
"66369c162cb00851d2fbaefe","CINNABON #102104"
"6636a0132817053d35d64f08","SQ *KPOP NARA"
"6636a29e2817053d35d65560","H MART AMER DREAM LLC"
"6636a2c62817053d35d65588","H MART AMER DREAM LLC"
"6636c4c12817053d35d6b0d0","SCHEELS EDEN PRAIRIE"
"6636cb182817053d35d6b7d9","DSW EDEN PRAIRIE CTR"
"6636ddb42cb00851d2fd7f06","TST* CHUCKS STEAKHOUSE B"
"6636e8cf2cb00851d2fdf870","H-E-B #724"
"66376a042cb00851d2ffc6f4","OPENMOVE - TRANSPORT"
"66377ccb2cb00851d2ffd94d","CS *OURA RING GC"
"66379b882817053d35d8bc6c","Exxon LIBERTY CORNER S"
"6637a8f62cb00851d201a7e6","COCA COLA NEW BERN NC"
"6637d3222817053d35d931d6","APP*Astroline.today"
"6637e9552817053d35d957d6","IS DUTY FREE AMER AA6"
"663810932817053d35daa7bd","SHOPRITE COMMERCE ST S1"
"66382cf12817053d35dae4ad","WL *Steam Purchase"
"6638ef332cb00851d2077bcc","FNM*TRENORD TVM 427-M.."
"663902a62cb00851d20789e3","MSKCC MAIN CAFETERIA"
"663929d52cb00851d2087712","ATLANTIS SRL"
"663943392817053d35e16f98","CINNCINNATICARTCHAIRSTRLR"
"663a0d012cb00851d20fdced","ATLANTIS SRL"
"663a134d2817053d35e60948","ATLANTIS SRL"
"663a1a222817053d35e638ae","LIDL 473"
"663a385c2cb00851d2108753","SP CHELSEAPARKE"
"663a42bd2817053d35e6f32b","TST* LAKEWOOD SOCIAL NEW"
"663a89812817053d35f04c8c","KFC C160044"
"663a8a942817053d35f04cd8","MCDONALD'S F1913"
"663b06902817053d35f3dcd4","FNM*TRENORD TVM 1069-.."
"663b34a72817053d35f6312b","MXP T1 LAST MINUTE B DUTY"
"663b789f2817053d35f82690","SQ *FIVE WATT COFFEE"
"663b9ff52817053d35f88131","SKIPPERS SEAFOOD & SMO"
"663bd8172cb00851d22cae1a","YUL T HORTON TB"
"663be1252817053d35fcd86f","975 ROMEO VACHON BLVD"
"663bf3a12cb00851d22ce61f","3726-MNTR MAISON DE LA P"
"663c1d0d2817053d35fddf42","AZITRA RESTAURANT"
"663c1d212817053d35fddfb4","AZITRA RESTAURANT"
"663c2ba92cb00851d2304b92","SP ALOHA COLLECTION"
"663c38142817053d35fedb7a","SEATGEEK TICKETS"
"663d10b82817053d3511cd6d","SLICE OF STAMFORD"
"663d674d2817053d35142e48","Prime Video Channels"
"663ed7412cb00851d25d6c0d","SP FREEFLYAPPAREL"
"663f78b12817053d352613a3","BLACKHOLE BAKERY"
"663fac8b2817053d3526d1f4","COSTCO GAS #0645"
"663fb6fa2cb00851d26039a4","MCDONALD'S F7362"
"663fb8262817053d3526d486","SQ *TEA MARKET"
"663fbc312cb00851d2604691","SP HOLDERNESS&BOURNE"
"663fd52b2817053d35279a92","MCDONALD'S F12288"
"66400d112cb00851d2637c9e","FLYING HORSE TAPROOM"
"6640120d2cb00851d2637f3b","NIGHTHAWKS"
"6640f59f2cb00851d2683a2c","SQ *ASHEVILLE BEE CHAR"
"6640f5c62cb00851d2683a96","SQ *THE SUBS FACTORY A"
"6640fbf42cb00851d2683b62","MAST STORE ASHEVILLE"
"66410c962817053d352b26cf","TST* WICKED WEED - PUB"
"664124ad2cb00851d269b81c","INGLES MARKETS #8"
"6642275185271685f3a97730","SQ *NORA"
"6642742868244e17cd307fd5","CHICK-FIL-A #01957"
"66427c4468244e17cd30c566","SQ *GRAY SQUIRREL COFF"
"664380524d4a18daec8cdba7","FILO PASTRIES"
"664389284d4a18daec8d2e28","HARRIS TEETER FUEL #353"
"66439a692f0af92da6d01575","BOJANGLES 29"
"66439ea22f0af92da6d0219e","SHOPRITE SHIPPAN S1"
"6643a0b62f0af92da6d03163","TST* MANHATTAN CAFE - DTR"
"664402d529feb11fa5c25dd2","MICKMAN BROTHERS INC"
"6644a6a929feb11fa5c858ae","BREEZE THRU 3014"
"6644aace29feb11fa5c95996","HONK PARKING"
"6644cbdef69ed6ca4c6793a6","HONK PARKING"
"6644f9ec29feb11fa5cdc66b","CVS/PHARMACY #02 02475--1"
"6644fa5529feb11fa5cdc69a","Cos Cob Wine & Spirits"
"66452311f69ed6ca4c6b98fa","SP DESIGNED FOR JOY"
"6645289629feb11fa5d11ff2","RALEIGH STREET PARKING"
"664574c7f69ed6ca4c6deec5","PAYPAL *CRYPTO HUB"
"6645f04e29feb11fa5fc11dd","DUNKIN #348754"
"6645fd37f69ed6ca4c9a3247","HONK PARKING"
"664646de29feb11fa5fef328","WHISKY RIVER T2-D RDU"
"664646f729feb11fa5fef34c","WHISKY RIVER T2-D RDU"
"6646572329feb11fa5005094","GLENWOOD VILLAGE"
"664761e66a72d8d29d0093b2","THE GOLF WAREHOUSE"
"6647b8266a72d8d29d037dbd","HH 88"
"6647bbcb6a72d8d29d037e9c","SHEETZ 0578"
"6648a9056a72d8d29d070d40","HOLIDAY STATIONS 3535"
"66492a022368387c4042f155","CVS/PHARMACY #01 01987--1"
"664a6c0a2368387c404fc084","MICKMAN BROTHERS INC"
"664b4d3f2fa596ceee083844","TST* THE FRONT- SOMA CAFE"
"664b74256f9e65f06f9df8ff","SP AURAGLOW.COM"
"664b78a77f66f0fc7f81bdfa","CHAR GRILL"
"664ca3c97f66f0fc7f8986d4","QT 184 INSIDE"
"664d2fa5e76f1b68b6646723","WESTRLY NATURAL MRKT 2605"
"664d3aa1e76f1b68b6647f48","CROSSROADSFOODANDBEV"
"664de8ddb157cf6a9d2b45b6","TST* CARROLLS KITCHEN"
"664ded2ab157cf6a9d2b4aa1","BLACKHOLE BAKERY"
"664e2f71b157cf6a9d2cd176","SQ *BLACK & WHITE COFF"
"664e5a1fb157cf6a9d2e0af8","TST* PUBLIK COFFEE WEST T"
"664e6a7de76f1b68b66c3970","TST* JENI'S SPLENDID ICE"
"664e7921e76f1b68b66c5bc3","Alamo Raleigh"
"664e841cb157cf6a9d2f3219","MORTON WILLIAMS - CRIMSO"
"664f39c2e76f1b68b6710254","SQ *BLACK & WHITE COFF"
"664f509ae76f1b68b673264b","SQ *SKILLETS FOOD TRUC"
"664f6f4aa8d02d4d6a536064","WEAVER STREET MRKT RALE"
"664f75c6a8d02d4d6a5382e9","SQ *RESILIENT COUNSELI"
"664f7c8ca8d02d4d6a53e160","#3 WAKE COUNTY ABC BOA"
"664f7c92cbd253a4062b2a59","SAN JOSE TACOS & TEQUI"
"664f7ce7cbd253a4062b2f4d","#3 WAKE COUNTY ABC BOA"
"664fac99a8d02d4d6a573734","HEART OF AMERICA GOLF COU"
"664fc79ecbd253a4062c7a45","RDUAA PUBLIC PARKING"
"664fcbe8a8d02d4d6a579b9e","SQ *CATERING WORKS AT"
"664fd122a8d02d4d6a583fba","CASEY S #4344 15800 E 23R"
"66507162a8d02d4d6a5a036f","QT 184 INSIDE"
"66508146a8d02d4d6a5a30a3","SHEETZ 0555"
"66509af2cbd253a4062f340d","STATE OF ALABAMA"
"6650bb70f71ff815a5986928","SQ *ORDER BAGELS, COFF"
"6650c383f71ff815a598868b","MARATHON PETRO22"
"6650dfa3bed43ed3e0a1a16f","APP*Astroline.today"
"6650ed8df71ff815a599d267","ZORA FOOD AND WINE"
"6650ed95f71ff815a599d291","ZORA FOOD AND WINE"
"66510032bed43ed3e0a359b4","CITY OF TBAY PARKING AUTH"
"6651070cf71ff815a59a5ef6","Scheels"
"66511f35f71ff815a59acd76","WEGMANS WEST CARY 139"
"6651223abed43ed3e0a46273","TST* SUSHI ONE"
"665134acf71ff815a59b66b6","TST* RAGAZZA FOOD & WINE"
"6651f16ff71ff815a59e5e66","EP MART #15"
"6651fe08bed43ed3e0a6f838","SP BROCCOLI"
"6651fe8fbed43ed3e0a6fae0","SP BROCCOLI"
"6651fedef71ff815a59f50b1","SQ *THOU MAYEST NELSON"
"6652134bf71ff815a5a01518","MECP-SLEEPGIANT PPARK"
"66521721f71ff815a5a02c61","JABBERWOCKY INC"
"66521766f71ff815a5a02c99","JABBERWOCKY INC"
"66522d36bed43ed3e0a81cbe","TARGET T-1484"
"6652633ebed43ed3e0a9cd74","PUBLIX SUPER MAR 4101 HOO"
"66526c8af71ff815a5a3000b","PANDA EXPRESS"
"6652704bf71ff815a5a305b6","True Love Yoga"
"6652839bf71ff815a5a35f8e","TST* RAGAZZA FOOD & WINE"
"66529541bed43ed3e0aba607","Uniqlo USA LLC"
"6652aec9bed43ed3e0abd65a","50 CUMBERLAND STREET"
"66535c8abed43ed3e0af8353","Snooze WestPort"
"6653791ebed43ed3e0af8b77","MECP-KAKABEKAFALL PPAR"
"66538182f71ff815a5a698e5","MECP-KAKABEKAFALL PPAR"
"6653962cbed43ed3e0b0371a","VALUE VILLAGE # 2087"
"6653b45cf71ff815a5a7269d","TST* STRANG CHEF COLLECTI"
"6653b4c7bed43ed3e0b0920d","TST* STRANG CHEF COLLECTI"
"6653bf67f71ff815a5a748fa","201 KITTY HAWK SURF CO"
"6653cfeebed43ed3e0b0a9ed","RDUAA ONLINE PARKING"
"665416b5f71ff815a5a7d8c3","PAYPAL *LYCAMOBILE"
"6654b6f6f71ff815a5a9d78b","CIRCLE K JAX BEACH # 6"
"6654b95df71ff815a5a9da4f","MARATHON PETRO22"
"6654c01df71ff815a5a9dd73","MEDIUM MONTHLY"
"6654d0cebed43ed3e0b63ae4","Scheels"
"6654da24f71ff815a5aa872a","TROPICAL SMOOTHIE CAFE NC"
"6654db16bed43ed3e0b670ce","TARGET T-3414"
"6655037ff71ff815a5ab360d","TST* NC COAST RESTAURANT"
"66550e0ebed43ed3e0b7783a","TST* NC COAST RESTAURANT"
"665534c4f71ff815a5ac4903","WAWA 6100"
"665536b5f71ff815a5acbed8","WAWA 6100"
"66555216f71ff815a5acd999","QT 184 INSIDE"
"6655dffef71ff815a5b29e0d","SQ *HEIRLOOM BAKERY &"
"6655e684bed43ed3e0c2f2ca","TST* THE FRONT- SOMA CAFE"
"6655f2f93be52cd1d8003892","COSTCO GAS #0645"
"6655f46ca07b8b5a53603b84","STACK EM HIGH PANCAKES &"
"6655fb3b3be52cd1d80082aa","LA FARM BAKERY & CAFE"
"665600ff82cb586e586aad77","BEN FRANKLIN"
"6656476482cb586e5870f137","TST* LUCYS CANTINA ROYAL"
"6657365482cb586e587af2b7","SP LEMON & LINE, LLC"
"66573ad482cb586e587afeb5","SQ *KONA COFFEE ROASTE"
"665740d00bf260cc4ce8b066","KRISPY KREME #0949"
"665740f382cb586e587b8286","KRISPY KREME #0949"
"66576be47912d25d26100cd8","PERA MEDITERRANEAN BRA"
"665792acf27fe4b0e8649268","RARE.ORG/CARBONCOUNTS"
"6657976f3223393ccbee381e","TST* GREGORY'S COFFEE - 5"
"6657a551704984f544f196c4","REGGIO PIZZA T1 FC ORD"
"6657a6a33223393ccbefeea7","BILLY GOAT ORD"
"6657abc13223393ccbeff48b","RUNZA RESTAURANT"
"6657b48a3223393ccbeff5ab","SQ *CHEVAL"
"6657ced93223393ccbf06b5b","Alamo Raleigh"
"6657e6783223393ccbf0b2b4","RDUAA PUBLIC PARKING"
"6657e9a9704984f544f2e9a3","SHEETZ 2399"
"66588b2e3223393ccbf709eb","RARE.ORG/CARBONCOUNTS"
"66588d46704984f544f96d1b","TST* THE FRONT- RUMSYS"
"6658a652704984f544f9d9c1","LGA C COTTO MARKET"
"6658ff75704984f544fc1f3d","SAMSCLUB #8242"
"66590a80704984f544fc4d36","FIREHOUSE SUBS 0551 QSR"
"66590ee43223393ccbf8f2ab","SQ *EAST CAFE"
"6659d980bdcc0f105d57a0ee","SQ *SUGARHOUSE"
"665a6f11bdcc0f105d5b1a77","OAK CITY BREWING CO"
"665b5014bdcc0f105d600e44","22501- GARDEN CITY CTR"
"665b5027bdcc0f105d600e6d","22501- GARDEN CITY CTR"
"665b554cbdcc0f105d601acc","TEDS MONTANA GRILL 19"
"665b622192c8a0d931058828","#15 WAKE COUNTY ABC BO"
"665b6876bdcc0f105d602fc7","HARRIS TEETER #4 885 WALN"
"665b6f66bdcc0f105d605599","SQ *KUYA BEAR FOOD"
"665b78a792c8a0d931062e67","99 RANCH MARKET #1603"
"665b79d992c8a0d931062ead","99 RANCH MARKET #1603"
"665b81c292c8a0d9310634a2","99 RANCH MARKET #1603"
"665b84e1bdcc0f105d60b334","99 RANCH MARKET #1603"
"665b922fbdcc0f105d60e8ec","H MART LITTLE FERRY NJ"
"665c85b2bdcc0f105d67928f","CIRCLE K # 23118"
"665da425bdcc0f105de1f989","HOLIDAY STATIONS 3535"
"665dbb46bdcc0f105d004682","SQ *BLACK & WHITE COFF"
"665e1b45dd15d91fb79cbfd4","MCDONALD'S F2288"
"665e2581dd15d91fb79cc63c","CIRCLE K # 21282"
"665e3d2a4c7ddae76a56d729","INGLES MARKETS #8"
"665e3e0bdd15d91fb79d5952","THE I MARKET #708"
"665e4a2e4c7ddae76a56fcf5","OLD NAVY US 3444"
"665f1f054c7ddae76a4e2959","TST* THE FRONT- SOMA CAFE"
"665f22564c7ddae76a4e2b07","ORIGINAL BLUE CANTINA II"
"665f22634c7ddae76a4e3031","SQ *BLACK & WHITE COFF"