url,newUrl
https://entrustfinancial.com,https://www.entrustfinancial.com
https://thezenofslowcooking.com,https://recipes.thezenofslowcooking.com
https://850zip.com,null
https://soulfullproject.com,https://thesoulfullproject.com
https://shadowapp.com,null
https://humbition.com,null
https://betabionics.com,https://www.betabionics.com
https://pauseio.com,http://pauseio.com
https://oxverte.com,null
https://blackfoxphilanthropy.com,http://blackfoxphilanthropy.com
https://thezenlifecenter.com,http://www.thezenlifecenter.com
https://springfour.com,https://springfour.com
https://springbankny.com,https://www.spring.bank
https://tanrc.org,null
https://calsoft.com,https://www.calsoft.com
https://fidosystems.net,null
https://sicm.com,https://www.sicm.com
https://eileenfisher.com,https://www.eileenfisher.com
https://earth2o.com,null
https://threespot.com,https://www.threespot.com
https://currentshiftmedia.com,http://www.currentshiftmedia.com
https://bondanddevick.com,https://www.bondanddevick.com
https://marketingsocialimpact.com,https://www.marketingsocialimpact.com
https://burnhambenefits.com,https://www.burnhambenefits.com
https://thebuildersfund.com,https://www.thebuildersfund.com
https://www.tripzero.com,https://www.tripzero.events
https://image-outfitters.com,https://www.ishareworks.com
https://rescuechocolate.com,null
https://ccdfi.com,https://www.clearinghousecdfi.com
https://maineworks.us,https://www.maineworks.us
https://betterbeanco.com,https://www.betterbeanco.com
https://looptworks.com,https://www.looptworks.com
https://hawaiianlegacyhardwoods.com,http://www.hlh.co
https://newbelgium.com,https://www.newbelgium.com
https://kyadg.com,http://www.kya.design
https://foundmyanimal.com,https://www.foundmyanimal.com
https://beneficialstate.com,https://www.beneficialstatebank.com
https://bhaktichai.com,https://drinkbhakti.com
https://makethingsmatter.com,https://matterunlimited.com
https://rubiconbakers.com,https://www.rubiconbakers.com
https://rainwatersolutions.com,https://www.rainwatersolutions.com
https://chinookbook.com,null
https://trueimpact.com,https://www.trueimpact.com
https://pcg-advisors.com,https://www.pcginvestors.com/
https://dharmams.com,https://dharmamerchantservices.com
https://andysmithphotography.com,http://www.andysmithphotography.com
https://renewablegroup.com,http://www.renewablegroup.com
https://agenda-global.com,http://agenda-global.com
https://exhibithappy.com,https://www.steelheadproductions.com
https://amerisanusa.com,https://www.amerisan.com
https://autochlor.com,https://www.autochlor.com
https://buymaxalliance.com,https://www.buymaxalliance.com
https://don.com,https://www.don.com
https://goldmedalservice.com,https://www.goldmedalservice.com
https://cloverleafchemical.com,null
https://dustoutus.com,https://www.joselius.com
https://nativegreen.com,https://nativegreenproducts.com
https://winzer.com,https://www.winzer.com
https://danone.com,https://www.danone.com
https://www.fpcc.com.tw/en,null
https://givaudan.com,https://www.givaudan.com
https://diageo.com,https://www.diageo.com
https://hitachi.com,https://www.hitachi.com
https://toyota-industries.com,https://www.toyota-industries.com
https://volkswagenag.com,https://www.volkswagenag.com
https://aeon.info,https://www.aeon.info
https://asahigroup-holdings.com,https://www.asahigroup-holdings.com
https://www.dlenc.co.kr/eng/daelim/overview/intro.do,https://www.daelim.co.kr
https://daiwahouse.co.jp,null
https://hosthotels.com,https://www.hosthotels.com
https://glovis.net,null
https://ms-ad-hd.com,null
https://obayashi.co.jp,null
https://pinnaclewest.com,https://www.pinnaclewest.com
https://nri.com,https://www.nri.com
https://shinhangroup.com,null
https://naturgy.com,https://www.naturgy.com
https://sodexousa.com,https://www.sodexousa.com
https://nexans.com,https://www.nexans.com
https://taisei.co.jp,null
https://toda.co.jp,null
https://taishinholdings.com.tw,null
https://telefonica.com.br,https://www.telefonica.com
https://afflink.com,https://www.afflink.com
https://yuanta.com,null
https://asianpaints.com,https://www.asianpaints.com
https://cleanoffice.com,https://www.cleanoffice.com
https://ebmcorp.net,http://www.ebmcorp.net
https://exemplarenterprises.com,http://www.exemplarenterprises.com
https://gp.com,https://www.gp.com
https://us.issworld.com,https://www.us.issworld.com
https://medrio.com/products/ddc,https://www.medrio.com
https://pritchardindustries.com,https://www.pritchardindustries.com
https://www.redcoats.com,http://www.redcoats.com
https://riffcoldbrewed.com,https://letsriff.com
https://cazenave.com,null
https://westonfl.org,https://westonbackcountry.com
https://dabsunshine.com,null
https://topangasupply.com,null
https://rylawellness.com,http://www.rylawellness.com
https://earth-aloha.com,https://www.earth-aloha.com
https://delilhhome.com,null
https://lordhuffandpuff.net,https://www.lordhuffandpuff.net
https://sustainableearthproject.com,null
https://traverseimage.com,https://www.traverseimage.com
https://phin.co,null
https://www.linkedin.com/company/lumninc,https://www.superegg.nyc
https://scott-kranz.com,https://www.scott-kranz.com
https://skylercreative.com,https://www.skylercreative.com
https://anarchistwineco.com,https://www.anarchistwineco.com
https://weareunconquered.co,https://www.weareunconquered.co
https://gitchiadventuregoods.com,https://www.gitchiadventuregoods.com
https://relevantplanning.com,http://www.relevantplanning.com
https://openboatfilms.com,null
https://greenstepeducation.com,null
https://merchology.com,https://www.merchology.com
https://allkindkombucha.com,null
https://woodgrown.com,null
https://acegoldgreen.com,null
https://powderexplorers.com,null
https://thekindervoice.com,null
https://sickearthclothing.com,null
https://outdoorwomxn.com,null
https://anydaycasual.com,null
https://dowa.co.jp,null
https://ameripriseadvisors.com,https://www.ameripriseadvisors.com
https://annarbortees.com,https://www.annarbortees.com
https://monrowfarms.com,https://www.monrowfarms.com
https://studioiverson.com,https://www.studioiverson.com
https://gotmaple.com,https://www.etsy.com/shop/MapleViewSugarWorks
https://us.phyto.com/phytomillesime/phytomillesime.html,https://us.phyto.com
https://kingtreeservice.com,http://www.kingtreeservice.com
https://sensigravesbikinis.com,https://sensigravesswim.com
https://www.greatbasincoffee.com,null
https://myhryzn.com,https://hryzn.com
https://warfelstudios.com,http://www.warfelstudios.com
https://thrvfitness.com,null
https://tourmalinecap.com,null
https://kendallpavanstlaurent.com,https://www.kendallpavanstlaurent.com
https://bozemancreative.com,http://www.bozemancreative.com
https://fusionsolutionsinc.com,https://www.fusionsolutionsinc.com
https://gristmilldistillers.com,http://www.gristmilldistillers.com
https://www.playandpublic.com/about-play-and-public,https://www.playandpublic.com
https://shiptoshoretraveler.com,https://www.shiptoshoretraveler.com
https://label180.com,null
https://terrasoul.com,https://www.terrasoul.com
https://epicgrounds.com,null
https://casanoahcoffee.com,https://casanoahdesigngroup.com
https://lifetimelegal.biz,https://www.lifetime.legal
https://waitlist.getkuppy.com,https://getkuppy.com
https://perclothing.com,null
https://lumionlife.com,https://www.lumionlife.com
https://salishseaorganicliqueurs.com,http://www.salishseaorganicliqueurs.com
https://trisaetum.com,https://www.trisaetum.com
https://thepathtoluma.com,null
https://sagerunning.com,https://www.higherrunning.com
https://ethossantacruz.com,https://www.ethossantacruz.com
https://bigbarncoffee.com,http://www.bigbarncoffee.com
https://mycurrylove.com,https://www.mikesorganicfoods.com
https://conservewith.us,null
https://mountainswave.com,https://www.mountainswave.com
https://ethos.co,null
https://kowalconstruction.com,null
https://nearzerolabs.com,https://morgantuohy.com
https://adventurey.com,null
https://pa-lo.com,https://palo.us
https://amandaperrystudio.com,https://www.amandaperrystudio.com
https://nantucketbrand.com,https://ackroasters.com
https://cadoicecream.com,http://www.cadoicecream.com
https://gearupforadventures.com,null
https://shimizujones.com,https://www.shimizujones.com
https://wilhelmvisualworks.com,https://www.wilhelmvisualworks.com
https://www.keflaorganics.com,http://www.www.keflaorganics.com
https://myoakfin.com,null
https://summitlandscape.net,http://www.summitlandscape.net
https://daddysams.com,null
https://rooseveltsupplyco.com,https://www.rooseveltsupplyco.com
https://www.amazon.com/alm/storefront,null
https://www.rentalcars.com,https://www.rentalcars.com
https://onlink.com,null
https://disneyland.disney.go.com/hotels/disneyland-hotel,https://disneyland.disney.go.com/hotels/disneyland-hotel
https://disneyland.disney.go.com/destinations/disney-california-adventure,https://disneyland.disney.go.com/destinations/disney-california-adventure
https://disneyland.disney.go.com/hotels/grand-californian-hotel,https://disneyland.disney.go.com/hotels/grand-californian-hotel
https://disneyworld.disney.go.com/destinations/hollywood-studios,https://disneyworld.disney.go.com/destinations/hollywood-studios
https://disneyland.disney.go.com/hotels/paradise-pier-hotel,https://disneyland.disney.go.com/hotels/paradise-pier-hotel
https://disneyworld.disney.go.com/destinations/epcot,https://disneyworld.disney.go.com/destinations/epcot
https://disneyworld.disney.go.com/destinations/magic-kingdom,https://disneyworld.disney.go.com/destinations/magic-kingdom
https://disneyworld.disney.go.com/destinations/blizzard-beach,https://disneyworld.disney.go.com/destinations/blizzard-beach
https://disneyworld.disney.go.com/destinations/animal-kingdom,https://disneyworld.disney.go.com/destinations/animal-kingdom
https://disneyworld.disney.go.com/destinations/typhoon-lagoon,https://disneyworld.disney.go.com/destinations/typhoon-lagoon
https://www.hyatt.com/brands/park-hyatt,https://www.hyatt.com/brands/park-hyatt
https://www.hyatt.com/brands/grand-hyatt,https://www.hyatt.com/brands/grand-hyatt
https://www.hyatt.com/en-us/hotel/mexico/hyatt-ziva-cancun/canif,https://www.hyatt.com/en-US/hotel/mexico/hyatt-ziva-cancun/canif
https://www.hyatt.com/en-us/hotel/mexico/hyatt-zilara-cancun/cunia,https://www.hyatt.com/en-US/hotel/mexico/hyatt-zilara-cancun/cunia
https://www.thompsonhotels.com,https://www.hyatt.com/hotel/thompson-hotels
https://www.elderandjenks.com,http://www.elderandjenks.com
https://www.libertyhardware.com/products/brands/franklin-brass,https://www.libertyhardware.com/our-brands/franklin-brass
https://www.hautegirlkulture.com,http://www.hautegirl.com
https://www.uber.com,https://www.uber.com
https://everydropwater.com,https://www.everydropwater.com
https://www.arrid.com,http://www.arrid.com
https://www.electroluxprofessional.com/me/electrolux-grand-cuisine,https://www.electroluxprofessional.com/gb/thermaline-cooking-ranges/electrolux-grand-cuisine
https://www.cosstores.com,https://www.cos.com
https://us.dash-water.com,https://dash-water.com/
https://ecodecoratingtools.com,https://www.facebook.com/EcoDecoratingTools
https://newcitizenproject.org,http://newcitizenproject.org
https://oceanrefresh.com,null
https://www.pulsebrands.com,https://www.pulsebrands.com
https://www.redinc.com,http://www.redinc.com
https://www.beeswaxwraps.co.uk,https://thecleanmarket.co.uk/collections/the-beeswax-wrap-co
https://kraftheinzcompany.com,https://www.kraftheinzcompany.com
https://www.myciowp.com,http://www.myciowp.com
https://keurigdrpepper.com,https://www.keurigdrpepper.com
https://kelloggcompany.com,https://www.kelloggcompany.com
https://kangaroobrands.com,http://kangaroobrands.com
https://www.sweetsmilescandy.com,https://www.dollargeneral.com/products/category-page/private-brand/sweet-smiles.html
https://xcelis.com,http://xcelis.com
https://www.pepsilipton.com,https://www.lipton.com
https://www.poultry.com,https://pilgrimsfoodservice.com
https://www.goldkistfarms.com,https://pilgrimsfoodservice.com
https://philips.com,https://www.usa.philips.com
https://aspretto.sodexo.com,http://aspretto.sodexo.com
https://promarx.com,http://promarx.com
https://flooradorn.com,https://con-tactbrand.com/collections/flooradorn
https://vantagekittrich.com,http://vantagekittrich.com
https://www.cfgltd.com,http://www.cfgltd.com
https://www.coloradonativelager.com,https://www.coloradonative.com
https://www.proofpointseltzers.com,https://www.molsoncoors.com
https://www.saintarcherbrewery.com,null
https://www.boscospizza.com,https://www.tysonfoodservice.com/products/our-brands/boscos
https://www.bruss.com,https://tysonfreshmeats.com
https://www.advancepierre.com,https://www.tysonfoodservice.com/products/our-brands/advancepierre
https://www.metrodelitally.com,http://www.metrodelitally.com
https://www.certifiedlabs.com,https://northamerica.certifiedlabs.com
https://www.oribe.com,https://www.oribe.com
https://www.brahma.com,https://www.ab-inbev.com
https://jbscotch.com,https://www.jbscotch.com
https://guinness.com,https://www.guinness.com
https://yvesveggie.com,http://yvesveggie.com
https://www.hollyenergy.com,http://www.hollyenergy.com
https://fisher-investments-press.wiley.com,http://fisher-investments-press.wiley.com
https://chipsahoy.com,https://www.snackworks.com/brands/chips-ahoy
https://www.stridegum.com,null
https://halliburton.com,https://halliburton.com
https://humana.com,https://www.humana.com
https://jnj.com,https://www.jnj.com
https://www.fullsteamespresso.com,http://fullsteamespresso.com
https://thisismyremedy.com,https://www.remedyplantlab.com
https://rockongoods.com,https://www.rockongoods.com
https://fivestarapparelny.com,https://www.o5group.com
https://www.meherashaw.com,https://meherashaw.com
https://www.globalgoodspartners.org,https://globalgoodspartners.org
https://www.marquetfairtrade.com,https://marquetfairtrade.com
https://www.bohfairtrade.com,null
https://www.maromausa.com,null
https://www.awakenfairtrade.com,https://www.shoprevivalgoods.com
https://www.globalheartfairtrade.com,http://www.globalheartfairtrade.com
https://www.alternativesglobalmarketplace.com,https://alternativesglobalmarketplace.com
https://www.ornaments4orphans.org,https://ornaments4orphans.org
https://www.globalvillagepeoria.org,http://www.globalvillagepeoria.org
https://www.ashaimports.com,http://ashaimports.com
https://www.livafrika.com,https://livafrika.com
https://traceindustries-hi.com,https://traceindustries-hi.com
https://www.karibolife.com,null
https://prairieroseorganics.com,null
https://passportpolish.com,null
https://bblifestyle.com,null
https://lexiskin.com,https://lexiskinusa.com
https://cevarinaturals.com,null
https://tvnbeauty.com,null
https://www.perfectlyposh.com,https://poshresults.com
https://www.lizcarolinaskincare.com,null
https://beematernalorganics.com,null
https://carpeli.com,null
https://soapylayne.com,https://www.etsy.com/shop/SoapyLayne
https://www.brightearthfoods.com,null
https://willingbeauty.com,https://thinkgoodness.com/pages/willing-beauty
https://www.21drops.com,https://www.leapingbunny.org/brand/21-drops
https://nrage.com,http://nrage.com
https://www.erlife-style.com,http://www.erlife-style.com
https://bedunaturals.com,https://www.internatural.com/brands/bedu-naturals.html?dir=asc&order=subcatdesc
https://www.justbubbly.com,http://www.justbubbly.com
https://www.planetinc.com,http://planetinc.com
https://kissmyhoney.com,null
https://tribecosmetics.com,null
https://www.tattoobooster.com,null
https://www.keekipureandsimple.com,https://www.kpsessentials.com
https://www.plusproductsinc.com,https://www.plusproducts.com
https://shopvaultcosmetics.com,null
https://www.beautifoodofficial.com,null
https://www.fiorebotanica.com,null
https://thestillbeauty.com,null
https://www.thenarwhalandthemanatee.com,null
https://www.buddica.com,null
https://www.onetabs.ca,null
https://www.paradisesnax.com,null
https://glitzzie.com,null
https://www.laxmisdelights.com,http://laxmisdelights.com
https://lovebitesbycarnie.com,null
https://pbnjbaby.com,https://www.zoominfo.com/c/pbnj-baby-inc/372198176
https://silverbackbeverage.com,null
https://www.eatbbqribs.com,https://spartanburgmeatprocessing.com
https://www.youbodycare.com,null
https://www.zoyainc.com,https://zoyainc.com
https://www.goodplanetfoods.com,https://goodplanetfoods.com
https://www.sunrhizefoods.com,null
https://www.longevebrands.com,null
https://www.berealdoughs.com,null
https://meritproteins,https://meritfoods.com
https://www.fieldtheoryfoods.com,https://mnhempfarms.com/products/field-theory-brand-products
https://www.mycotechcorp.com,https://www.mycoiq.com
https://www.saypleese.com,https://www.pleesefoods.com
https://oatzarella.com,null
https://www.linkedin.com/company/sigma-alimentos/mycompany,https://www.sigma-alimentos.com
https://www.somethingbetterfoods.com,https://eatbetterchew.com
https://www.linkedin.com/company/the-livekindly-co,https://thelivekindlyco.com
https://mushroommeat.co,https://mushroommeatco.com
https://en.theplanteat.com,http://theplanteat.com
https://shopvejii.com,null
https://www.cafeexcellence.com,https://valeriocoffee.com/collections/cafe-excellence
https://www.caffesanora.com,null
https://www.dixiecreamdonuts.com,http://www.dixiecreamdonuts.com
https://www.ecoverdecoffee.com,http://www.ecoverdecoffee.com
https://www.theeggandirestaurants.com,https://www.firstwatch.com
https://www.groversmillcoffee.com,http://www.groversmillcoffee.com
https://www.highgroundscoffee.com,http://www.highgroundscoffee.com
https://www.humboldtcoffee.com,https://humboldtcoffee.com
https://hurricanecoffeeandtea.com,http://www.hurricanecoffeeandtea.com
https://www.joenewyork.com,https://joecoffeecompany.com
https://www.clifbar.com/hubs/luna,https://www.clifbar.com/luna
https://www.mountanosbros.com,http://mountanosbros.com
https://primalecho.com,null
https://www.seattlechocolates.com,https://www.seattlechocolate.com
https://www.tereval.com,http://www.tereval.com
https://www.timothys.ca,https://timothyscafes.com
https://www.zrii.com,null
https://whiteoakshop.com,null
https://www.ashacarpets.com,http://www.ashacarpets.com
https://www.aussbond.comau,https://aussbond.com.au
https://changespacerugs.com,http://changespacerugs.com
https://goodweave.org/brand/indi-b,null
https://www.makedarugs.com,http://annaforsbergdesign.se
https://pupcha.com,https://goodweave.org/brand/pupchakilim
https://www.rimodesigns.co.uk,http://www.rimodesigns.co.uk
https://www.rug-star.com,https://www.rugstar.com
https://www.tashimurik.co.uk,null
https://www.mayoral.com/en/unitedkingdom,https://www.mayoral.com
https://www.airandgracelondon.com,https://airandgracelondon.com
https://dunhill.com,https://www.dunhill.com
https://www.canadagoose.com,https://www.canadagoose.com
https://www.ekornes.co.uk,https://www.ekornes.com
https://www.pentland.com,https://pentlandbrands.com
https://www.belicious.ca,https://belicious.com.au
https://www.drinkcacoco.com,null
https://www.cocochocolate.co.uk,null
https://www.eatyourhat.com,null
https://www.montevergine.com,https://www.montevergine.com.br
https://www.opuluxtransportation.com/chocolates,null
https://sapphochocolates.com,null
https://sweetimpactchocolates.com/our-chocolate-fudge-organic-fair-trade-all-natural-ingredients,https://www.sweetimpactchocolates.com
https://www.ollieandvince.com,null
https://www.thecactus.cc,null
https://www.crankfarm.com,null
https://www.bananaphone.io,https://bananaphone.io
https://www.oneflowerproject.com,https://www.oneflowerproject.org
https://consciousrevolution.biz,https://consciousrevolution.com
https://sunseekerproducts.com,https://www.sunseeker.com
https://anglersall.com,https://www.anglersall.com
https://store.matadornetwork.com,https://matadornetwork.com
https://www.goldenblossomhoney.com,http://www.goldenblossomhoney.com
https://thediyteam.com,http://thediyteam.com
https://ascent-tech.io,https://www.ascent-tech.io
https://alpenglowadvisorsllc.com,http://alpenglowadvisorsllc.com
https://drjonsadventures.com,https://jonkedrowski.com
https://www.bluummarketing.com,http://bluummarketing.com
https://www.jeremyschwartz.photos,https://www.vsual.co/shop/jeremy-schwartz-photography
https://bonduelleamericas.com/us,https://bonduelleamericas.com
https://www.incrediblefoods.com,https://foodberry.co
https://www.famajersey.com,http://www.famajersey.com
https://teasquared.ca,https://teasquared.ca
https://spiretea.com,http://spiretea.com
https://mastersonfoods.com,http://mastersonfoods.com
https://www.bodeansbaking.com,http://www.bodeansbaking.com
https://divinespecialty-tea.com,http://divinespecialty-tea.com
https://www.drm-global.com,https://www.drmg.com.br
https://cordobacoffee.ca/default.asp,http://cordobacoffee.ca/default.asp
https://www.redfoxcoffeemerchants.com,http://redfoxcoffeemerchants.com
https://beanfair.ca,http://www.beanfair.ca
https://eatnoops.com,https://www.crunchbase.com/organization/eat-noops
https://www.hiddenvilla.com,http://www.hiddenvilla.com
https://petalswest.com/home,http://petalswest.com/home
https://www.brulerie.com,http://www.brulerie.com
https://malleablejewellers.ca,https://malleable.ca
https://www.scratchsupplyco.com,https://www.instagram.com/scratchsupplyco
https://www.17c.org,https://17c.org
https://www.thegutstuff.com,https://thegutstuff.com
https://omguarantee.com,https://omguarantee.com
https://www.neverbland.com,https://neverbland.com
https://www.vipdeskconnect.com,https://vipdesk.com
https://weknowtransfers.com,https://weknowtransfers.com
https://www.35northcoffeeco.com,https://35northcoffee.com
https://steveandharryscoffee.com,http://steveandharryscoffee.com
https://drinkcacoco.com,https://www.coracaoconfections.com
https://fullcirclefoods.com,https://fullcirclemarketbrand.com
https://www.coffeeam.com/fair-trade-coffee.html,https://www.coffeeam.com
https://www.ochocandy.com/store,https://www.ochocandy.com
https://www.smokestackroasters.com,https://smokestackroasters.square.site
https://www.3rdstreetchai.com,https://www.drinkthirdstreet.com
https://domenico.pe/en,http://domenico.pe
https://www.realityroasters.com,http://www.realityroasters.com
https://www.greenebeancoffee.com,https://greenebeancoffee.square.site
https://www.traillodgetea.com,
https://www.kienna.com,http://www.kienna.com
https://www.storehousetea.com,https://storehousetea.com
https://www.svenscafe.net,
https://www.omaricoffee.com,http://www.omaricoffee.com
https://www.kfcoffee.com,https://kandfcoffee.com
https://kavamerica.com,http://kavamerica.com
https://www.dunnbrosgrand.com,http://www.dunnbrosgrand.com
https://www.pathfinderscoffee.com,https://www.facebook.com/pathfindercoffeeroasters
https://portlandroasting.com,https://www.portlandcoffeeroasters.com
https://www.saccuzzo.com,https://icaffe.com
https://www.coffeetree.com,https://coffeetree.store
https://www.coffeeexpressco.com,https://coffeeexpressco.com
https://www.marativaseafoods.com,https://marativaseafoods.com
https://www.reggiesroastcoffee.com,https://www.reggiesroast.com
https://www.cazatrail.com,https://www.farmerbrotherscoffee.com/products/caza-trailtm-dark-roast-single-pod-coffee
https://www.naturalamericanfoods.com,https://sweetharvestfoods.com/
https://www.hannaford.com/thumbnail/frozen/taste-of-inspirations/pc/28219/47029.uts,https://www.foodlion.com/our-brands/taste-of-inspirations
https://www.stringbeancoffee.com,https://stringbeancoffee.com
https://shurfinebrand.com,https://www.realseal.com/brands/shurfine
https://www.drogachocolates.com,
https://www.rexroasting.com,https://clabbergirl.com
https://www.fruveg.com,http://www.fruveg.com
https://www.templelifestyle.com,https://buddhabrands.com
https://www.excellentcoffee.com,https://www.downeastcoffee.com
https://www.bearnakedgranola.com,https://www.bearnaked.com
https://caffemarco.com,
https://www.4noguilt.com,https://www.healthychocolates.com
https://inbloomgroup.com,http://inbloomgroup.com
https://kedem.com,
https://www.lafarine.com,
https://www.nanascreativecafe.com,
https://www.nespresso-us.com,https://www.nespresso.com
https://www.sally-sues.com,https://sally-sues-coffee.myshopify.com
https://www.energyinspectors.com,https://www.arcxis.com
https://www.mep-llc.com,http://www.mep-llc.com
https://weareboomhi.ca,https://weareboomhi.com
https://www.rubensbarn.com,
https://russetroadkids.com,
https://www.mppmarketinggroup.com/menu-to-trees-sustainability-program,https://www.mppmarketinggroup.com
https://www.blawnoxupholstery.com/plant-a-tree.html,http://www.blawnoxupholstery.com
https://luxpods.dk,https://luxpodx.com